--------------------------------------------------------
--  File created - Saturday-January-28-2023   
--------------------------------------------------------
--------------------------------------------------------
--  DDL for Table BALANCE
--------------------------------------------------------

  CREATE TABLE "COFFEEDAO"."BALANCE" 
   (	"BAL_IDX" NUMBER, 
	"BAL_ORDER" NUMBER, 
	"BAL_CART" NUMBER, 
	"BAL_OTOT" NUMBER, 
	"BAL_CTOT" NUMBER, 
	"BAL_DATE" DATE, 
	"BAL_TOT" NUMBER, 
	"BAL_EXP" NUMBER, 
	"BAL_CHARGE" NUMBER, 
	"BAL_CHECK" NUMBER
   ) SEGMENT CREATION IMMEDIATE 
  PCTFREE 10 PCTUSED 40 INITRANS 1 MAXTRANS 255 NOCOMPRESS LOGGING
  STORAGE(INITIAL 65536 NEXT 1048576 MINEXTENTS 1 MAXEXTENTS 2147483645
  PCTINCREASE 0 FREELISTS 1 FREELIST GROUPS 1 BUFFER_POOL DEFAULT FLASH_CACHE DEFAULT CELL_FLASH_CACHE DEFAULT)
  TABLESPACE "SYSTEM" ;
--------------------------------------------------------
--  DDL for Table BOARD
--------------------------------------------------------

  CREATE TABLE "COFFEEDAO"."BOARD" 
   (	"BO_IDX" NUMBER PRIMARY KEY, 
	"BO_TITLE" VARCHAR2(150 BYTE), 
	"BO_DATE" DATE DEFAULT SYSDATE, 
	"BO_MEMID" VARCHAR2(30 BYTE), 
	"BO_COUNT" NUMBER DEFAULT 0, 
	"BO_CONT" VARCHAR2(1000 BYTE), 
	"BO_IMAGE" VARCHAR2(400 BYTE), 
	"BO_DEL" VARCHAR2(1 BYTE) DEFAULT 1, 
	"BO_TYPE" VARCHAR2(1 BYTE) DEFAULT 'N'
   ) SEGMENT CREATION IMMEDIATE 
  PCTFREE 10 PCTUSED 40 INITRANS 1 MAXTRANS 255 NOCOMPRESS LOGGING
  STORAGE(INITIAL 65536 NEXT 1048576 MINEXTENTS 1 MAXEXTENTS 2147483645
  PCTINCREASE 0 FREELISTS 1 FREELIST GROUPS 1 BUFFER_POOL DEFAULT FLASH_CACHE DEFAULT CELL_FLASH_CACHE DEFAULT)
  TABLESPACE "SYSTEM" ;

CREATE SEQUENCE BOARD_SEQ
    START WITH 1
    INCREMENT BY 1;


----------
( FOREIGN KEY (BO_MEMID) REFERENCES MEMBER (MEM_ID) )




--------------------------------------------------------
--  DDL for Table CART
--------------------------------------------------------

  CREATE TABLE "COFFEEDAO"."CART" 
   (	"CART_IDX" NUMBER PRIMARY KEY, 
	"CART_NAME" VARCHAR2(150 BYTE), 
	"CART_ID" NUMBER, 
	"CART_PRICE" NUMBER, 
	"CART_CHECK" VARCHAR2(10 BYTE) DEFAULT 'N', 
	"CART_MEM" VARCHAR2(30 BYTE), 
	"CART_COUNT" NUMBER, 
	"CART_TOT" NUMBER, 
	"CART_GRIND" VARCHAR2(30 BYTE)
   ) SEGMENT CREATION IMMEDIATE 
  PCTFREE 10 PCTUSED 40 INITRANS 1 MAXTRANS 255 NOCOMPRESS LOGGING
  STORAGE(INITIAL 65536 NEXT 1048576 MINEXTENTS 1 MAXEXTENTS 2147483645
  PCTINCREASE 0 FREELISTS 1 FREELIST GROUPS 1 BUFFER_POOL DEFAULT FLASH_CACHE DEFAULT CELL_FLASH_CACHE DEFAULT)
  TABLESPACE "SYSTEM" ;

CREATE SEQUENCE CART_SEQ
    START WITH 1
    INCREMENT BY 1;

------------
 ( FOREIGN KEY (CART_ID) REFERENCES ITEM (ITEM_ID),
  FOREIGN KEY (CART_MEM) REFERENCES MEMBER (MEM_ID)  )




--------------------------------------------------------
--  DDL for Table CHARGE
--------------------------------------------------------

  CREATE TABLE "COFFEEDAO"."CHARGE" 
   (	"CH_BAL" NUMBER, 
	"CH_NAME" VARCHAR2(50 BYTE), 
	"CH_TOT" NUMBER
   ) SEGMENT CREATION IMMEDIATE 
  PCTFREE 10 PCTUSED 40 INITRANS 1 MAXTRANS 255 NOCOMPRESS LOGGING
  STORAGE(INITIAL 65536 NEXT 1048576 MINEXTENTS 1 MAXEXTENTS 2147483645
  PCTINCREASE 0 FREELISTS 1 FREELIST GROUPS 1 BUFFER_POOL DEFAULT FLASH_CACHE DEFAULT CELL_FLASH_CACHE DEFAULT)
  TABLESPACE "SYSTEM" ;
--------------------------------------------------------
--  DDL for Table COMMENTS
--------------------------------------------------------

  CREATE TABLE "COFFEEDAO"."COMMENTS" 
   (	"COM_IDX" NUMBER PRIMARY KEY, 
	"COM_ARTNO" NUMBER, 
	"COM_WRITER" VARCHAR2(30 BYTE), 
	"COM_DATE" DATE DEFAULT SYSDATE, 
	"COM_CONT" VARCHAR2(600 BYTE), 
	"COM_REF" NUMBER DEFAULT 0, 
	"COM_STEP" NUMBER DEFAULT 0, 
	"COM_LEVEL" NUMBER DEFAULT 0
   ) SEGMENT CREATION IMMEDIATE 
  PCTFREE 10 PCTUSED 40 INITRANS 1 MAXTRANS 255 NOCOMPRESS LOGGING
  STORAGE(INITIAL 65536 NEXT 1048576 MINEXTENTS 1 MAXEXTENTS 2147483645
  PCTINCREASE 0 FREELISTS 1 FREELIST GROUPS 1 BUFFER_POOL DEFAULT FLASH_CACHE DEFAULT CELL_FLASH_CACHE DEFAULT)
  TABLESPACE "SYSTEM" ;

CREATE SEQUENCE COMMENTS_SEQ
    START WITH 1
    INCREMENT BY 1;


--------------------------------------------------------
--  DDL for Table FOLDER
--------------------------------------------------------

  CREATE TABLE "COFFEEDAO"."FOLDER" 
   (	"FILE_NUM" NUMBER PRIMARY KEY, 
	"FILE_PARENT" NUMBER, 
	"FILE_ORG" VARCHAR2(255 BYTE), 
	"FILE_STD" VARCHAR2(255 BYTE), 
	"FILE_SIZE" NUMBER, 
	"FILE_DATE" DATE DEFAULT SYSDATE, 
	"ITEM_ID" NUMBER, 
	"FILE_DEL" VARCHAR2(255 BYTE) DEFAULT 'N'
   ) SEGMENT CREATION IMMEDIATE 
  PCTFREE 10 PCTUSED 40 INITRANS 1 MAXTRANS 255 NOCOMPRESS LOGGING
  STORAGE(INITIAL 65536 NEXT 1048576 MINEXTENTS 1 MAXEXTENTS 2147483645
  PCTINCREASE 0 FREELISTS 1 FREELIST GROUPS 1 BUFFER_POOL DEFAULT FLASH_CACHE DEFAULT CELL_FLASH_CACHE DEFAULT)
  TABLESPACE "SYSTEM" ;

CREATE SEQUENCE FILE_SEQ
    START WITH 1
    INCREMENT BY 1;

---------
(  FOREIGN KEY (ITEM_ID) REFERENCES  ITEM (ITEM_ID) )


--------------------------------------------------------
--  DDL for Table ITEM
--------------------------------------------------------

  CREATE TABLE "COFFEEDAO"."ITEM" 
   (	"ITEM_ID" NUMBER PRIMARY KEY, 
	"ITEM_NAME" VARCHAR2(150 BYTE), 
	"ITEM_IMAGE" VARCHAR2(255 BYTE), 
	"ITEM_DATE" DATE DEFAULT SYSDATE, 
	"SELL_ID" VARCHAR2(100 BYTE), 
	"ITEM_CONT" VARCHAR2(1000 BYTE), 
	"ITEM_SUB" VARCHAR2(100 BYTE), 
	"ITEM_COMP" VARCHAR2(60 BYTE), 
	"ITEM_LOC" VARCHAR2(150 BYTE), 
	"ITEM_200" VARCHAR2(100 BYTE), 
	"ITEM_500" VARCHAR2(100 BYTE), 
	"ITEM_CAF" VARCHAR2(50 BYTE), 
	"ITEM_TASTE" VARCHAR2(50 BYTE), 
	"ITEM_TYPE" VARCHAR2(50 BYTE), 
	"ITEM_GRIND" VARCHAR2(50 BYTE), 
	"ITEM_DEL" VARCHAR2(50 BYTE) DEFAULT 'N', 
	"ITEM_LIKE" NUMBER DEFAULT 0
   ) SEGMENT CREATION IMMEDIATE 
  PCTFREE 10 PCTUSED 40 INITRANS 1 MAXTRANS 255 NOCOMPRESS LOGGING
  STORAGE(INITIAL 65536 NEXT 1048576 MINEXTENTS 1 MAXEXTENTS 2147483645
  PCTINCREASE 0 FREELISTS 1 FREELIST GROUPS 1 BUFFER_POOL DEFAULT FLASH_CACHE DEFAULT CELL_FLASH_CACHE DEFAULT)
  TABLESPACE "SYSTEM" ;

CREATE SEQUENCE ITEM_SEQ
    START WITH 1
    INCREMENT BY 1;

--------
( FOREIGN KEY (SELL_ID) REFERENCES SELLER (SELL_ID) )


--------------------------------------------------------
--  DDL for Table LIKES
--------------------------------------------------------

  CREATE TABLE "COFFEEDAO"."LIKES" 
   (	"UP_IDX" NUMBER, 
	"UP_ID" NUMBER, 
	"UP_COUNT" NUMBER, 
	"UP_MEM" VARCHAR2(30 BYTE)
   ) SEGMENT CREATION IMMEDIATE 
  PCTFREE 10 PCTUSED 40 INITRANS 1 MAXTRANS 255 NOCOMPRESS LOGGING
  STORAGE(INITIAL 65536 NEXT 1048576 MINEXTENTS 1 MAXEXTENTS 2147483645
  PCTINCREASE 0 FREELISTS 1 FREELIST GROUPS 1 BUFFER_POOL DEFAULT FLASH_CACHE DEFAULT CELL_FLASH_CACHE DEFAULT)
  TABLESPACE "SYSTEM" ;

CREATE SEQUENCE LIKES_SEQ
    START WITH 1
    INCREMENT BY 1;

------
(   FOREIGN KEY (UP_ID) REFERENCES ITEM (ITEM_ID),
  FOREIGN KEY (UP_MEM) REFERENCES MEMBER (MEM_ID) )




--------------------------------------------------------
--  DDL for Table MEMBER
--------------------------------------------------------

  CREATE TABLE "COFFEEDAO"."MEMBER" 
   (	"MEM_ID" VARCHAR2(30 BYTE) PRIMARY KEY, 
	"MEM_PWD" VARCHAR2(30 BYTE), 
	"MEM_NAME" VARCHAR2(30 BYTE), 
	"MEM_RDATE" DATE DEFAULT SYSDATE, 
	"MEM_EMAIL" VARCHAR2(30 BYTE), 
	"MEM_ADDR1" VARCHAR2(300 BYTE), 
	"MEM_ADDR2" VARCHAR2(300 BYTE), 
	"MEM_ZP" VARCHAR2(7 BYTE), 
	"MEM_PHONE" VARCHAR2(11 BYTE), 
	"MEM_DEL" NUMBER(1,0) DEFAULT '1'
   ) SEGMENT CREATION IMMEDIATE 
  PCTFREE 10 PCTUSED 40 INITRANS 1 MAXTRANS 255 NOCOMPRESS LOGGING
  STORAGE(INITIAL 65536 NEXT 1048576 MINEXTENTS 1 MAXEXTENTS 2147483645
  PCTINCREASE 0 FREELISTS 1 FREELIST GROUPS 1 BUFFER_POOL DEFAULT FLASH_CACHE DEFAULT CELL_FLASH_CACHE DEFAULT)
  TABLESPACE "SYSTEM" ;

--------------------------------------------------------
--  DDL for Table ORDERS
--------------------------------------------------------

  CREATE TABLE "COFFEEDAO"."ORDERS" 
   (	"ORDER_IDX" NUMBER PRIMARY KEY, 
	"ORDER_ID" NUMBER, 
	"ORDER_CART" NUMBER, 
	"ORDER_MEM" VARCHAR2(30 BYTE), 
	"ORDER_NAME" VARCHAR2(30 BYTE), 
	"ORDER_DATE" DATE DEFAULT SYSDATE, 
	"ORDER_NO" NUMBER, 
	"ORDER_ITEM" VARCHAR2(150 BYTE), 
	"ORDER_COUNT" NUMBER, 
	"ORDER_PRICE" NUMBER, 
	"ORDER_TOT" NUMBER, 
	"ORDER_PHONE" VARCHAR2(11 BYTE), 
	"ORDER_ZP" VARCHAR2(7 BYTE), 
	"ORDER_ADDR1" VARCHAR2(300 BYTE), 
	"ORDER_ADDR2" VARCHAR2(300 BYTE), 
	"ORDER_HOLDER" VARCHAR2(20 BYTE), 
	"ORDER_BANK" VARCHAR2(30 BYTE), 
	"ORDER_ACCNO" VARCHAR2(20 BYTE), 
	"ORDER_BILL" VARCHAR2(20 BYTE), 
	"ORDER_STATE" VARCHAR2(15 BYTE), 
	"ORDER_SENDNO" VARCHAR2(50 BYTE), 
	"ORDER_SELLER" VARCHAR2(50 BYTE), 
	"ORDER_MEMO" VARCHAR2(100 BYTE), 
	"ORDER_SUB" VARCHAR2(1 BYTE), 
	"ORDER_GRIND" VARCHAR2(30 BYTE)
   ) SEGMENT CREATION IMMEDIATE 
  PCTFREE 10 PCTUSED 40 INITRANS 1 MAXTRANS 255 NOCOMPRESS LOGGING
  STORAGE(INITIAL 65536 NEXT 1048576 MINEXTENTS 1 MAXEXTENTS 2147483645
  PCTINCREASE 0 FREELISTS 1 FREELIST GROUPS 1 BUFFER_POOL DEFAULT FLASH_CACHE DEFAULT CELL_FLASH_CACHE DEFAULT)
  TABLESPACE "SYSTEM" ;

CREATE SEQUENCE ORDERS_SEQ
    START WITH 1
    INCREMENT BY 1;

-------------------
(  FOREIGN KEY (ORDER_MEM) REFERENCES MEMBER (MEM_ID) )



--------------------------------------------------------
--  DDL for Table PAYMENT
--------------------------------------------------------

  CREATE TABLE "COFFEEDAO"."PAYMENT" 
   (	"PAY_IDX" NUMBER PRIMARY KEY, 
	"PAY_ID" NUMBER, 
	"PAY_CART" NUMBER, 
	"PAY_TOT" NUMBER, 
	"PAY_CARTOT" NUMBER, 
	"PAY_DATE" DATE DEFAULT SYSDATE
   ) SEGMENT CREATION IMMEDIATE 
  PCTFREE 10 PCTUSED 40 INITRANS 1 MAXTRANS 255 NOCOMPRESS LOGGING
  STORAGE(INITIAL 65536 NEXT 1048576 MINEXTENTS 1 MAXEXTENTS 2147483645
  PCTINCREASE 0 FREELISTS 1 FREELIST GROUPS 1 BUFFER_POOL DEFAULT FLASH_CACHE DEFAULT CELL_FLASH_CACHE DEFAULT)
  TABLESPACE "SYSTEM" ;

CREATE SEQUENCE PAYMENT_SEQ
    START WITH 1
    INCREMENT BY 1;



--------------------------------------------------------
--  DDL for Table QUESTION_ASK
--------------------------------------------------------

  CREATE TABLE "COFFEEDAO"."QUESTION_ASK" 
   (	"QA_IDX" NUMBER  PRIMARY KEY, 
	"QA_DATE" DATE DEFAULT SYSDATE, 
	"QA_CLASS" VARCHAR2(50 BYTE), 
	"QA_TITLE" VARCHAR2(150 BYTE), 
	"QA_CONT" VARCHAR2(1500 BYTE), 
	"QA_WRITER" VARCHAR2(30 BYTE), 
	"QA_STATE" VARCHAR2(100 BYTE), 
	"QA_IMAGE" VARCHAR2(400 BYTE), 
	"QA_DEL" VARCHAR2(2 BYTE)
   ) SEGMENT CREATION IMMEDIATE 
  PCTFREE 10 PCTUSED 40 INITRANS 1 MAXTRANS 255 NOCOMPRESS LOGGING
  STORAGE(INITIAL 65536 NEXT 1048576 MINEXTENTS 1 MAXEXTENTS 2147483645
  PCTINCREASE 0 FREELISTS 1 FREELIST GROUPS 1 BUFFER_POOL DEFAULT FLASH_CACHE DEFAULT CELL_FLASH_CACHE DEFAULT)
  TABLESPACE "SYSTEM" ;

CREATE SEQUENCE QUESTION_ASK_SEQ
    START WITH 1
    INCREMENT BY 1;

----------------
(  FOREIGN KEY (QA_WRITER) REFERENCES MEMBER (MEM_ID) )


--------------------------------------------------------
--  DDL for Table QUESTION_REPLY
--------------------------------------------------------

  CREATE TABLE "COFFEEDAO"."QUESTION_REPLY" 
   (	"QR_IDX" NUMBER, 
	"QR_ARTNO" NUMBER, 
	"QR_WRITER" VARCHAR2(1000 BYTE), 
	"QR_DATE" DATE DEFAULT SYSDATE, 
	"QR_CONT" VARCHAR2(1000 BYTE), 
	"QR_REF" NUMBER DEFAULT '0', 
	"QR_STEP" NUMBER DEFAULT '0', 
	"QR_LEVEL" NUMBER DEFAULT '0'
   ) SEGMENT CREATION IMMEDIATE 
  PCTFREE 10 PCTUSED 40 INITRANS 1 MAXTRANS 255 NOCOMPRESS LOGGING
  STORAGE(INITIAL 65536 NEXT 1048576 MINEXTENTS 1 MAXEXTENTS 2147483645
  PCTINCREASE 0 FREELISTS 1 FREELIST GROUPS 1 BUFFER_POOL DEFAULT FLASH_CACHE DEFAULT CELL_FLASH_CACHE DEFAULT)
  TABLESPACE "SYSTEM" ;
--------------------------------------------------------
--  DDL for Table REVIEW
--------------------------------------------------------

  CREATE TABLE "COFFEEDAO"."REVIEW" 
   (	"RE_IDX" NUMBER PRIMARY KEY, 
	"RE_ITEM" NUMBER, 
	"RE_MEM" VARCHAR2(30 BYTE), 
	"RE_SELLER" VARCHAR2(30 BYTE), 
	"RE_DATE" DATE DEFAULT SYSDATE, 
	"RE_CONTENT" VARCHAR2(600 BYTE), 
	"RE_REF" NUMBER DEFAULT 0, 
	"RE_STEP" NUMBER DEFAULT 0
   ) SEGMENT CREATION IMMEDIATE 
  PCTFREE 10 PCTUSED 40 INITRANS 1 MAXTRANS 255 NOCOMPRESS LOGGING
  STORAGE(INITIAL 65536 NEXT 1048576 MINEXTENTS 1 MAXEXTENTS 2147483645
  PCTINCREASE 0 FREELISTS 1 FREELIST GROUPS 1 BUFFER_POOL DEFAULT FLASH_CACHE DEFAULT CELL_FLASH_CACHE DEFAULT)
  TABLESPACE "SYSTEM" ;

CREATE SEQUENCE REVIEW_SEQ
    START WITH 1
    INCREMENT BY 1;

-----------
(   FOREIGN KEY (RE_ITEM) REFERENCES ITEM (ITEM_ID) )


--------------------------------------------------------
--  DDL for Table SELLER
--------------------------------------------------------

  CREATE TABLE "COFFEEDAO"."SELLER" 
   (	"SELL_ID" VARCHAR2(30 BYTE) PRIMARY KEY, 
	"SELL_PWD" VARCHAR2(30 BYTE), 
	"SELL_NUM" VARCHAR2(30 BYTE), 
	"SELL_NAME" VARCHAR2(50 BYTE), 
	"SELL_PHONE" VARCHAR2(20 BYTE), 
	"SELL_ADDR1" VARCHAR2(300 BYTE), 
	"SELL_ADDR2" VARCHAR2(300 BYTE), 
	"SELL_ZP" VARCHAR2(7 BYTE), 
	"SELL_EMAIL" VARCHAR2(50 BYTE), 
	"SELL_BANK" VARCHAR2(50 BYTE), 
	"SELL_IMAGE" VARCHAR2(300 BYTE), 
	"SELL_PROF" VARCHAR2(300 BYTE), 
	"SELL_CONT" VARCHAR2(1500 BYTE), 
	"SELL_RDATE" DATE DEFAULT SYSDATE, 
	"SELL_BNUM" VARCHAR2(20 BYTE), 
	"SELL_SNS" VARCHAR2(50 BYTE), 
	"SELL_STATE" NUMBER(1,0) DEFAULT '1'
   ) SEGMENT CREATION IMMEDIATE 
  PCTFREE 10 PCTUSED 40 INITRANS 1 MAXTRANS 255 NOCOMPRESS LOGGING
  STORAGE(INITIAL 65536 NEXT 1048576 MINEXTENTS 1 MAXEXTENTS 2147483645
  PCTINCREASE 0 FREELISTS 1 FREELIST GROUPS 1 BUFFER_POOL DEFAULT FLASH_CACHE DEFAULT CELL_FLASH_CACHE DEFAULT)
  TABLESPACE "SYSTEM" ;

REM INSERTING into COFFEEDAO.BALANCE
SET DEFINE OFF;
Insert into COFFEEDAO.BALANCE (BAL_IDX,BAL_ORDER,BAL_CART,BAL_OTOT,BAL_CTOT,BAL_DATE,BAL_TOT,BAL_EXP,BAL_CHARGE,BAL_CHECK) values (1,1231,4561,7891,1,to_date('22-DEC-22 00:15:41','DD-MON-RR HH24:MI:SS'),1,1,1,1);
Insert into COFFEEDAO.BALANCE (BAL_IDX,BAL_ORDER,BAL_CART,BAL_OTOT,BAL_CTOT,BAL_DATE,BAL_TOT,BAL_EXP,BAL_CHARGE,BAL_CHECK) values (2,1232,4562,7892,2,to_date('22-DEC-22 00:15:41','DD-MON-RR HH24:MI:SS'),2,2,2,2);
Insert into COFFEEDAO.BALANCE (BAL_IDX,BAL_ORDER,BAL_CART,BAL_OTOT,BAL_CTOT,BAL_DATE,BAL_TOT,BAL_EXP,BAL_CHARGE,BAL_CHECK) values (3,1233,4563,7893,3,to_date('22-DEC-22 00:15:41','DD-MON-RR HH24:MI:SS'),3,3,3,3);
Insert into COFFEEDAO.BALANCE (BAL_IDX,BAL_ORDER,BAL_CART,BAL_OTOT,BAL_CTOT,BAL_DATE,BAL_TOT,BAL_EXP,BAL_CHARGE,BAL_CHECK) values (4,1234,4564,7894,4,to_date('22-DEC-22 00:15:41','DD-MON-RR HH24:MI:SS'),4,4,4,4);
Insert into COFFEEDAO.BALANCE (BAL_IDX,BAL_ORDER,BAL_CART,BAL_OTOT,BAL_CTOT,BAL_DATE,BAL_TOT,BAL_EXP,BAL_CHARGE,BAL_CHECK) values (5,1235,4565,7895,5,to_date('22-DEC-22 00:15:41','DD-MON-RR HH24:MI:SS'),5,5,5,5);
REM INSERTING into COFFEEDAO.BOARD
SET DEFINE OFF;
Insert into COFFEEDAO.BOARD (BO_IDX,BO_TITLE,BO_DATE,BO_MEMID,BO_COUNT,BO_CONT,BO_IMAGE,BO_DEL,BO_TYPE) values (39,'321',to_date('09-JAN-23 02:02:19','DD-MON-RR HH24:MI:SS'),'321',3,'321',null,'1','C');
Insert into COFFEEDAO.BOARD (BO_IDX,BO_TITLE,BO_DATE,BO_MEMID,BO_COUNT,BO_CONT,BO_IMAGE,BO_DEL,BO_TYPE) values (30,'2',to_date('08-JAN-23 15:32:56','DD-MON-RR HH24:MI:SS'),'2',1,'2',null,'1','C');
Insert into COFFEEDAO.BOARD (BO_IDX,BO_TITLE,BO_DATE,BO_MEMID,BO_COUNT,BO_CONT,BO_IMAGE,BO_DEL,BO_TYPE) values (31,'2',to_date('08-JAN-23 15:33:31','DD-MON-RR HH24:MI:SS'),'2',5,'2',null,'1','F');
Insert into COFFEEDAO.BOARD (BO_IDX,BO_TITLE,BO_DATE,BO_MEMID,BO_COUNT,BO_CONT,BO_IMAGE,BO_DEL,BO_TYPE) values (40,'3210',to_date('09-JAN-23 02:05:10','DD-MON-RR HH24:MI:SS'),'00',1,'32100',null,'1','C');
Insert into COFFEEDAO.BOARD (BO_IDX,BO_TITLE,BO_DATE,BO_MEMID,BO_COUNT,BO_CONT,BO_IMAGE,BO_DEL,BO_TYPE) values (33,'2',to_date('08-JAN-23 15:35:09','DD-MON-RR HH24:MI:SS'),'2',2,'database',null,'1','C');
Insert into COFFEEDAO.BOARD (BO_IDX,BO_TITLE,BO_DATE,BO_MEMID,BO_COUNT,BO_CONT,BO_IMAGE,BO_DEL,BO_TYPE) values (34,'3',to_date('08-JAN-23 15:38:44','DD-MON-RR HH24:MI:SS'),'3',1,'3',null,'1','F');
Insert into COFFEEDAO.BOARD (BO_IDX,BO_TITLE,BO_DATE,BO_MEMID,BO_COUNT,BO_CONT,BO_IMAGE,BO_DEL,BO_TYPE) values (35,'test',to_date('08-JAN-23 15:50:07','DD-MON-RR HH24:MI:SS'),'test',1,'test',null,'1','F');
Insert into COFFEEDAO.BOARD (BO_IDX,BO_TITLE,BO_DATE,BO_MEMID,BO_COUNT,BO_CONT,BO_IMAGE,BO_DEL,BO_TYPE) values (1,'1',to_date('06-JAN-23 05:23:48','DD-MON-RR HH24:MI:SS'),'1',0,'1','1','1','N');
Insert into COFFEEDAO.BOARD (BO_IDX,BO_TITLE,BO_DATE,BO_MEMID,BO_COUNT,BO_CONT,BO_IMAGE,BO_DEL,BO_TYPE) values (2,'1',to_date('06-JAN-23 05:23:48','DD-MON-RR HH24:MI:SS'),'1',9,'1','1','1','N');
Insert into COFFEEDAO.BOARD (BO_IDX,BO_TITLE,BO_DATE,BO_MEMID,BO_COUNT,BO_CONT,BO_IMAGE,BO_DEL,BO_TYPE) values (3,'1',to_date('06-JAN-23 05:23:48','DD-MON-RR HH24:MI:SS'),'1',9,'22','1','1','N');
Insert into COFFEEDAO.BOARD (BO_IDX,BO_TITLE,BO_DATE,BO_MEMID,BO_COUNT,BO_CONT,BO_IMAGE,BO_DEL,BO_TYPE) values (4,'1',to_date('06-JAN-23 05:23:48','DD-MON-RR HH24:MI:SS'),'1',0,'1','1','2','F');
Insert into COFFEEDAO.BOARD (BO_IDX,BO_TITLE,BO_DATE,BO_MEMID,BO_COUNT,BO_CONT,BO_IMAGE,BO_DEL,BO_TYPE) values (5,'1',to_date('06-JAN-23 05:23:48','DD-MON-RR HH24:MI:SS'),'1',0,'1','1','1','F');
Insert into COFFEEDAO.BOARD (BO_IDX,BO_TITLE,BO_DATE,BO_MEMID,BO_COUNT,BO_CONT,BO_IMAGE,BO_DEL,BO_TYPE) values (6,'1',to_date('06-JAN-23 05:23:48','DD-MON-RR HH24:MI:SS'),'1',1,'1','1','1','F');
Insert into COFFEEDAO.BOARD (BO_IDX,BO_TITLE,BO_DATE,BO_MEMID,BO_COUNT,BO_CONT,BO_IMAGE,BO_DEL,BO_TYPE) values (7,'1',to_date('06-JAN-23 05:23:48','DD-MON-RR HH24:MI:SS'),'1',0,'1','1','1','F');
Insert into COFFEEDAO.BOARD (BO_IDX,BO_TITLE,BO_DATE,BO_MEMID,BO_COUNT,BO_CONT,BO_IMAGE,BO_DEL,BO_TYPE) values (8,'1',to_date('06-JAN-23 05:23:48','DD-MON-RR HH24:MI:SS'),'1',0,'1','1','1','C');
Insert into COFFEEDAO.BOARD (BO_IDX,BO_TITLE,BO_DATE,BO_MEMID,BO_COUNT,BO_CONT,BO_IMAGE,BO_DEL,BO_TYPE) values (9,'1',to_date('06-JAN-23 05:23:48','DD-MON-RR HH24:MI:SS'),'11',7,'1','1','1','C');
Insert into COFFEEDAO.BOARD (BO_IDX,BO_TITLE,BO_DATE,BO_MEMID,BO_COUNT,BO_CONT,BO_IMAGE,BO_DEL,BO_TYPE) values (10,'1',to_date('06-JAN-23 05:23:48','DD-MON-RR HH24:MI:SS'),'1',0,'1','1','1','C');
Insert into COFFEEDAO.BOARD (BO_IDX,BO_TITLE,BO_DATE,BO_MEMID,BO_COUNT,BO_CONT,BO_IMAGE,BO_DEL,BO_TYPE) values (36,null,to_date('08-JAN-23 16:22:59','DD-MON-RR HH24:MI:SS'),null,1,null,null,'1','C');
Insert into COFFEEDAO.BOARD (BO_IDX,BO_TITLE,BO_DATE,BO_MEMID,BO_COUNT,BO_CONT,BO_IMAGE,BO_DEL,BO_TYPE) values (37,'test2321',to_date('08-JAN-23 16:27:06','DD-MON-RR HH24:MI:SS'),'2321',1,'123321',null,'1','F');
Insert into COFFEEDAO.BOARD (BO_IDX,BO_TITLE,BO_DATE,BO_MEMID,BO_COUNT,BO_CONT,BO_IMAGE,BO_DEL,BO_TYPE) values (38,'test2321',to_date('08-JAN-23 16:34:51','DD-MON-RR HH24:MI:SS'),'2321',5,'123321',null,'1','F');
Insert into COFFEEDAO.BOARD (BO_IDX,BO_TITLE,BO_DATE,BO_MEMID,BO_COUNT,BO_CONT,BO_IMAGE,BO_DEL,BO_TYPE) values (41,'3210',to_date('09-JAN-23 02:05:38','DD-MON-RR HH24:MI:SS'),'00',10,'32100',null,'1','C');
Insert into COFFEEDAO.BOARD (BO_IDX,BO_TITLE,BO_DATE,BO_MEMID,BO_COUNT,BO_CONT,BO_IMAGE,BO_DEL,BO_TYPE) values (42,'edit2',to_date('09-JAN-23 02:05:55','DD-MON-RR HH24:MI:SS'),'00',55,'edit22',null,'2','C');
Insert into COFFEEDAO.BOARD (BO_IDX,BO_TITLE,BO_DATE,BO_MEMID,BO_COUNT,BO_CONT,BO_IMAGE,BO_DEL,BO_TYPE) values (43,'3210',to_date('09-JAN-23 02:06:32','DD-MON-RR HH24:MI:SS'),'00',1,'32100',null,'1','C');
Insert into COFFEEDAO.BOARD (BO_IDX,BO_TITLE,BO_DATE,BO_MEMID,BO_COUNT,BO_CONT,BO_IMAGE,BO_DEL,BO_TYPE) values (44,'321111',to_date('09-JAN-23 02:07:08','DD-MON-RR HH24:MI:SS'),'32111',1,'321111',null,'1','C');
Insert into COFFEEDAO.BOARD (BO_IDX,BO_TITLE,BO_DATE,BO_MEMID,BO_COUNT,BO_CONT,BO_IMAGE,BO_DEL,BO_TYPE) values (45,'board',to_date('09-JAN-23 02:07:45','DD-MON-RR HH24:MI:SS'),'41',1,'board',null,'1','C');
Insert into COFFEEDAO.BOARD (BO_IDX,BO_TITLE,BO_DATE,BO_MEMID,BO_COUNT,BO_CONT,BO_IMAGE,BO_DEL,BO_TYPE) values (46,'3210',to_date('09-JAN-23 02:09:09','DD-MON-RR HH24:MI:SS'),'00',1,'32100',null,'1','C');
Insert into COFFEEDAO.BOARD (BO_IDX,BO_TITLE,BO_DATE,BO_MEMID,BO_COUNT,BO_CONT,BO_IMAGE,BO_DEL,BO_TYPE) values (47,'31',to_date('09-JAN-23 02:09:19','DD-MON-RR HH24:MI:SS'),'31',1,'31',null,'1','C');
Insert into COFFEEDAO.BOARD (BO_IDX,BO_TITLE,BO_DATE,BO_MEMID,BO_COUNT,BO_CONT,BO_IMAGE,BO_DEL,BO_TYPE) values (48,'5',to_date('09-JAN-23 02:09:39','DD-MON-RR HH24:MI:SS'),'5',1,'5',null,'1','C');
Insert into COFFEEDAO.BOARD (BO_IDX,BO_TITLE,BO_DATE,BO_MEMID,BO_COUNT,BO_CONT,BO_IMAGE,BO_DEL,BO_TYPE) values (49,'32',to_date('09-JAN-23 02:11:07','DD-MON-RR HH24:MI:SS'),'32',1,'32',null,'1','C');
Insert into COFFEEDAO.BOARD (BO_IDX,BO_TITLE,BO_DATE,BO_MEMID,BO_COUNT,BO_CONT,BO_IMAGE,BO_DEL,BO_TYPE) values (50,'42',to_date('09-JAN-23 02:11:44','DD-MON-RR HH24:MI:SS'),'42',1,'42',null,'1','C');
Insert into COFFEEDAO.BOARD (BO_IDX,BO_TITLE,BO_DATE,BO_MEMID,BO_COUNT,BO_CONT,BO_IMAGE,BO_DEL,BO_TYPE) values (51,'2',to_date('09-JAN-23 02:12:41','DD-MON-RR HH24:MI:SS'),'2',1,'2',null,'1','C');
Insert into COFFEEDAO.BOARD (BO_IDX,BO_TITLE,BO_DATE,BO_MEMID,BO_COUNT,BO_CONT,BO_IMAGE,BO_DEL,BO_TYPE) values (52,null,to_date('09-JAN-23 02:13:41','DD-MON-RR HH24:MI:SS'),null,1,null,null,'1','C');
Insert into COFFEEDAO.BOARD (BO_IDX,BO_TITLE,BO_DATE,BO_MEMID,BO_COUNT,BO_CONT,BO_IMAGE,BO_DEL,BO_TYPE) values (53,'para',to_date('09-JAN-23 02:16:35','DD-MON-RR HH24:MI:SS'),'para',1,'para',null,'1','C');
Insert into COFFEEDAO.BOARD (BO_IDX,BO_TITLE,BO_DATE,BO_MEMID,BO_COUNT,BO_CONT,BO_IMAGE,BO_DEL,BO_TYPE) values (54,'22',to_date('09-JAN-23 02:18:35','DD-MON-RR HH24:MI:SS'),'22',1,'22',null,'1','C');
Insert into COFFEEDAO.BOARD (BO_IDX,BO_TITLE,BO_DATE,BO_MEMID,BO_COUNT,BO_CONT,BO_IMAGE,BO_DEL,BO_TYPE) values (55,'22',to_date('09-JAN-23 02:19:57','DD-MON-RR HH24:MI:SS'),'22',6,'22',null,'2','C');
Insert into COFFEEDAO.BOARD (BO_IDX,BO_TITLE,BO_DATE,BO_MEMID,BO_COUNT,BO_CONT,BO_IMAGE,BO_DEL,BO_TYPE) values (56,'4141',to_date('09-JAN-23 02:20:31','DD-MON-RR HH24:MI:SS'),'4141',1,'4141',null,'1','C');
Insert into COFFEEDAO.BOARD (BO_IDX,BO_TITLE,BO_DATE,BO_MEMID,BO_COUNT,BO_CONT,BO_IMAGE,BO_DEL,BO_TYPE) values (57,'4141',to_date('09-JAN-23 02:21:34','DD-MON-RR HH24:MI:SS'),'4141',1,'4141',null,'1','C');
Insert into COFFEEDAO.BOARD (BO_IDX,BO_TITLE,BO_DATE,BO_MEMID,BO_COUNT,BO_CONT,BO_IMAGE,BO_DEL,BO_TYPE) values (58,'4141',to_date('09-JAN-23 02:22:31','DD-MON-RR HH24:MI:SS'),'4141',1,'4141',null,'1','C');
Insert into COFFEEDAO.BOARD (BO_IDX,BO_TITLE,BO_DATE,BO_MEMID,BO_COUNT,BO_CONT,BO_IMAGE,BO_DEL,BO_TYPE) values (59,'4141',to_date('09-JAN-23 02:23:13','DD-MON-RR HH24:MI:SS'),'4141',1,'4141',null,'1','C');
Insert into COFFEEDAO.BOARD (BO_IDX,BO_TITLE,BO_DATE,BO_MEMID,BO_COUNT,BO_CONT,BO_IMAGE,BO_DEL,BO_TYPE) values (60,'4141',to_date('09-JAN-23 02:26:00','DD-MON-RR HH24:MI:SS'),'4141',1,'4141',null,'1','C');
Insert into COFFEEDAO.BOARD (BO_IDX,BO_TITLE,BO_DATE,BO_MEMID,BO_COUNT,BO_CONT,BO_IMAGE,BO_DEL,BO_TYPE) values (61,'4141',to_date('09-JAN-23 02:26:20','DD-MON-RR HH24:MI:SS'),'4141',6,'4141 edit',null,'1','C');
Insert into COFFEEDAO.BOARD (BO_IDX,BO_TITLE,BO_DATE,BO_MEMID,BO_COUNT,BO_CONT,BO_IMAGE,BO_DEL,BO_TYPE) values (62,'da',to_date('09-JAN-23 10:39:27','DD-MON-RR HH24:MI:SS'),'admin',2,'da','1673261319999_admin_attachment_108649353.jpg','1','C');
Insert into COFFEEDAO.BOARD (BO_IDX,BO_TITLE,BO_DATE,BO_MEMID,BO_COUNT,BO_CONT,BO_IMAGE,BO_DEL,BO_TYPE) values (63,'안녕하세요!',to_date('09-JAN-23 14:59:06','DD-MON-RR HH24:MI:SS'),'admin',0,'Lorem ipsum dolor sit amet, consectetur adipiscing elit. Aenean mattis nibh nunc, ac bibendum turpis commodo ac. Curabitur pulvinar magna non est molestie, ac iaculis turpis feugiat. Cras fringilla finibus mi sed ultrices. Sed in libero et enim laoreet ultrices. Pellentesque habitant morbi tristique senectus et netus et malesuada fames ac turpis egestas. Duis elit ex, volutpat eu sem vel, vehicula semper mauris. Integer cursus blandit scelerisque. Aliquam lacus purus, volutpat sed quam a, eleifend suscipit metus.

','1673277086411_admin_cry.jpg','1','C');
Insert into COFFEEDAO.BOARD (BO_IDX,BO_TITLE,BO_DATE,BO_MEMID,BO_COUNT,BO_CONT,BO_IMAGE,BO_DEL,BO_TYPE) values (64,'notice',to_date('12-JAN-23 03:29:33','DD-MON-RR HH24:MI:SS'),'COFFEDAOTEAM',0,'noticeggg','1673494777554_admin_change.jpg','1','N');
Insert into COFFEEDAO.BOARD (BO_IDX,BO_TITLE,BO_DATE,BO_MEMID,BO_COUNT,BO_CONT,BO_IMAGE,BO_DEL,BO_TYPE) values (65,'Hola a todos',to_date('12-JAN-23 03:48:23','DD-MON-RR HH24:MI:SS'),'COFFEDAOTEAM',2,'Hola',null,'1','N');
Insert into COFFEEDAO.BOARD (BO_IDX,BO_TITLE,BO_DATE,BO_MEMID,BO_COUNT,BO_CONT,BO_IMAGE,BO_DEL,BO_TYPE) values (66,'a',to_date('12-JAN-23 04:15:55','DD-MON-RR HH24:MI:SS'),'COFFEDAOTEAM',0,'a',null,'1','N');
Insert into COFFEEDAO.BOARD (BO_IDX,BO_TITLE,BO_DATE,BO_MEMID,BO_COUNT,BO_CONT,BO_IMAGE,BO_DEL,BO_TYPE) values (67,'g',to_date('12-JAN-23 04:17:14','DD-MON-RR HH24:MI:SS'),'COFFEDAOTEAM',0,'g',null,'1','N');
Insert into COFFEEDAO.BOARD (BO_IDX,BO_TITLE,BO_DATE,BO_MEMID,BO_COUNT,BO_CONT,BO_IMAGE,BO_DEL,BO_TYPE) values (68,'jajajaj',to_date('12-JAN-23 06:04:06','DD-MON-RR HH24:MI:SS'),'COFFEDAOTEAM',1,'jajajaja',null,'1','N');
Insert into COFFEEDAO.BOARD (BO_IDX,BO_TITLE,BO_DATE,BO_MEMID,BO_COUNT,BO_CONT,BO_IMAGE,BO_DEL,BO_TYPE) values (69,'jajajaajajajaj',to_date('12-JAN-23 06:04:22','DD-MON-RR HH24:MI:SS'),'COFFEDAOTEAM',0,'jojojojo','1673503842291_admin_688.webp','1','N');
Insert into COFFEEDAO.BOARD (BO_IDX,BO_TITLE,BO_DATE,BO_MEMID,BO_COUNT,BO_CONT,BO_IMAGE,BO_DEL,BO_TYPE) values (70,'hhh',to_date('13-JAN-23 05:56:00','DD-MON-RR HH24:MI:SS'),'COFFEDAOTEAM',1,'hhhh',null,'1','N');
Insert into COFFEEDAO.BOARD (BO_IDX,BO_TITLE,BO_DATE,BO_MEMID,BO_COUNT,BO_CONT,BO_IMAGE,BO_DEL,BO_TYPE) values (71,'sumon',to_date('16-JAN-23 06:52:59','DD-MON-RR HH24:MI:SS'),'admin',0,'sumon','1673852817986_admin_open-uri20140609-10076-4xw8a9.jpg','1',null);
Insert into COFFEEDAO.BOARD (BO_IDX,BO_TITLE,BO_DATE,BO_MEMID,BO_COUNT,BO_CONT,BO_IMAGE,BO_DEL,BO_TYPE) values (72,'Notice',to_date('16-JAN-23 06:58:31','DD-MON-RR HH24:MI:SS'),'COFFEDAOTEAM',1,'Notice Test','1673852786804_admin_shrek.jpg','1','N');
Insert into COFFEEDAO.BOARD (BO_IDX,BO_TITLE,BO_DATE,BO_MEMID,BO_COUNT,BO_CONT,BO_IMAGE,BO_DEL,BO_TYPE) values (73,'Deletethis',to_date('18-JAN-23 03:47:28','DD-MON-RR HH24:MI:SS'),'admin',0,'deletethis',null,'1',null);
Insert into COFFEEDAO.BOARD (BO_IDX,BO_TITLE,BO_DATE,BO_MEMID,BO_COUNT,BO_CONT,BO_IMAGE,BO_DEL,BO_TYPE) values (74,'Deletethis2',to_date('18-JAN-23 03:51:11','DD-MON-RR HH24:MI:SS'),'admin',1,'deletethis2',null,'2','C');
Insert into COFFEEDAO.BOARD (BO_IDX,BO_TITLE,BO_DATE,BO_MEMID,BO_COUNT,BO_CONT,BO_IMAGE,BO_DEL,BO_TYPE) values (75,'hola',to_date('19-JAN-23 04:55:09','DD-MON-RR HH24:MI:SS'),'1',0,'adios',null,'1','F');
Insert into COFFEEDAO.BOARD (BO_IDX,BO_TITLE,BO_DATE,BO_MEMID,BO_COUNT,BO_CONT,BO_IMAGE,BO_DEL,BO_TYPE) values (76,'Hola soy benito',to_date('19-JAN-23 05:00:36','DD-MON-RR HH24:MI:SS'),'Benito',8,'Hola que talo',null,'1','C');
Insert into COFFEEDAO.BOARD (BO_IDX,BO_TITLE,BO_DATE,BO_MEMID,BO_COUNT,BO_CONT,BO_IMAGE,BO_DEL,BO_TYPE) values (77,'Hello ',to_date('22-JAN-23 13:03:24','DD-MON-RR HH24:MI:SS'),'1',2,'hello this is Anna','1674393109312_1_coffeedao.png','1','C');
Insert into COFFEEDAO.BOARD (BO_IDX,BO_TITLE,BO_DATE,BO_MEMID,BO_COUNT,BO_CONT,BO_IMAGE,BO_DEL,BO_TYPE) values (78,'asdasd',to_date('22-JAN-23 13:10:08','DD-MON-RR HH24:MI:SS'),'COFFEDAOTEAM',3,'asdasd','1674393932763_admin_2486.jpg','1','N');
Insert into COFFEEDAO.BOARD (BO_IDX,BO_TITLE,BO_DATE,BO_MEMID,BO_COUNT,BO_CONT,BO_IMAGE,BO_DEL,BO_TYPE) values (79,'안녕하세요',to_date('23-JAN-23 05:45:03','DD-MON-RR HH24:MI:SS'),'1',1,'ㅁㄴㅇㄴㅁㅇㅁㅇㄴ','1674453334764_1_2486.jpg','1','C');
Insert into COFFEEDAO.BOARD (BO_IDX,BO_TITLE,BO_DATE,BO_MEMID,BO_COUNT,BO_CONT,BO_IMAGE,BO_DEL,BO_TYPE) values (80,'dsadsdsasda',to_date('26-JAN-23 04:01:10','DD-MON-RR HH24:MI:SS'),'COFFEDAOTEAM',2,'dsfadsadsasdadsa',null,'1','N');
REM INSERTING into COFFEEDAO.CART
SET DEFINE OFF;
Insert into COFFEEDAO.CART (CART_IDX,CART_NAME,CART_ID,CART_PRICE,CART_CHECK,CART_MEM,CART_COUNT,CART_TOT,CART_GRIND) values (33,'Benny Gold',11,1,'N','1',1,null,'none');
REM INSERTING into COFFEEDAO.CHARGE
SET DEFINE OFF;
Insert into COFFEEDAO.CHARGE (CH_BAL,CH_NAME,CH_TOT) values (1,'업체명1',4561);
Insert into COFFEEDAO.CHARGE (CH_BAL,CH_NAME,CH_TOT) values (2,'업체명2',4562);
Insert into COFFEEDAO.CHARGE (CH_BAL,CH_NAME,CH_TOT) values (3,'업체명3',4563);
Insert into COFFEEDAO.CHARGE (CH_BAL,CH_NAME,CH_TOT) values (4,'업체명4',4564);
Insert into COFFEEDAO.CHARGE (CH_BAL,CH_NAME,CH_TOT) values (5,'업체명5',4565);
REM INSERTING into COFFEEDAO.COMMENTS
SET DEFINE OFF;
Insert into COFFEEDAO.COMMENTS (COM_IDX,COM_ARTNO,COM_WRITER,COM_DATE,COM_CONT,COM_REF,COM_STEP,COM_LEVEL) values (1,1,'작성자 1',to_date('22-DEC-22 00:13:04','DD-MON-RR HH24:MI:SS'),'내용 1',1,1,1);
Insert into COFFEEDAO.COMMENTS (COM_IDX,COM_ARTNO,COM_WRITER,COM_DATE,COM_CONT,COM_REF,COM_STEP,COM_LEVEL) values (2,2,'작성자 2',to_date('22-DEC-22 00:13:04','DD-MON-RR HH24:MI:SS'),'내용 2',2,2,2);
Insert into COFFEEDAO.COMMENTS (COM_IDX,COM_ARTNO,COM_WRITER,COM_DATE,COM_CONT,COM_REF,COM_STEP,COM_LEVEL) values (3,3,'작성자 3',to_date('22-DEC-22 00:13:04','DD-MON-RR HH24:MI:SS'),'내용 3',3,3,3);
Insert into COFFEEDAO.COMMENTS (COM_IDX,COM_ARTNO,COM_WRITER,COM_DATE,COM_CONT,COM_REF,COM_STEP,COM_LEVEL) values (4,4,'작성자 4',to_date('22-DEC-22 00:13:04','DD-MON-RR HH24:MI:SS'),'내용 4',4,4,4);
Insert into COFFEEDAO.COMMENTS (COM_IDX,COM_ARTNO,COM_WRITER,COM_DATE,COM_CONT,COM_REF,COM_STEP,COM_LEVEL) values (5,5,'작성자 5',to_date('22-DEC-22 00:13:04','DD-MON-RR HH24:MI:SS'),'내용 5',5,5,5);
Insert into COFFEEDAO.COMMENTS (COM_IDX,COM_ARTNO,COM_WRITER,COM_DATE,COM_CONT,COM_REF,COM_STEP,COM_LEVEL) values (9,76,'1',to_date('19-JAN-23 05:38:09','DD-MON-RR HH24:MI:SS'),'asd',6,0,0);
Insert into COFFEEDAO.COMMENTS (COM_IDX,COM_ARTNO,COM_WRITER,COM_DATE,COM_CONT,COM_REF,COM_STEP,COM_LEVEL) values (10,77,'1',to_date('22-JAN-23 13:03:39','DD-MON-RR HH24:MI:SS'),'Hello this is Sumin',10,0,0);
Insert into COFFEEDAO.COMMENTS (COM_IDX,COM_ARTNO,COM_WRITER,COM_DATE,COM_CONT,COM_REF,COM_STEP,COM_LEVEL) values (11,77,'Benito',to_date('22-JAN-23 13:04:15','DD-MON-RR HH24:MI:SS'),'Hola this is benito
',11,0,0);
Insert into COFFEEDAO.COMMENTS (COM_IDX,COM_ARTNO,COM_WRITER,COM_DATE,COM_CONT,COM_REF,COM_STEP,COM_LEVEL) values (12,77,'Benito',to_date('22-JAN-23 13:04:22','DD-MON-RR HH24:MI:SS'),'alo',10,1,1);
REM INSERTING into COFFEEDAO.FOLDER
SET DEFINE OFF;
Insert into COFFEEDAO.FOLDER (FILE_NUM,FILE_PARENT,FILE_ORG,FILE_STD,FILE_SIZE,FILE_DATE,ITEM_ID,FILE_DEL) values (1,null,'cielito-querido-cafe.jpg','8cf0c1775db14d5183443ec7a2621cb4.jpg',26529,to_date('16-JAN-23 02:27:06','DD-MON-RR HH24:MI:SS'),8,'Y');
Insert into COFFEEDAO.FOLDER (FILE_NUM,FILE_PARENT,FILE_ORG,FILE_STD,FILE_SIZE,FILE_DATE,ITEM_ID,FILE_DEL) values (2,null,'attachment_108649353.jpg','3c2449f7eb6e48b38ca685af2b0f6cc6.jpg',30508,to_date('16-JAN-23 02:32:38','DD-MON-RR HH24:MI:SS'),9,'Y');
Insert into COFFEEDAO.FOLDER (FILE_NUM,FILE_PARENT,FILE_ORG,FILE_STD,FILE_SIZE,FILE_DATE,ITEM_ID,FILE_DEL) values (3,null,'cielito_querido_blog2.png','81e0b69ca9b44d169425cd21ad0d9fa5.png',977467,to_date('16-JAN-23 04:13:29','DD-MON-RR HH24:MI:SS'),10,'Y');
Insert into COFFEEDAO.FOLDER (FILE_NUM,FILE_PARENT,FILE_ORG,FILE_STD,FILE_SIZE,FILE_DATE,ITEM_ID,FILE_DEL) values (4,null,'attachment_108649353.jpg','3cf58a6d7ea1485797ce789141193808.jpg',30508,to_date('16-JAN-23 06:56:23','DD-MON-RR HH24:MI:SS'),11,'N');
Insert into COFFEEDAO.FOLDER (FILE_NUM,FILE_PARENT,FILE_ORG,FILE_STD,FILE_SIZE,FILE_DATE,ITEM_ID,FILE_DEL) values (5,null,'moro.jpg','9bdc187a4d2a441cb85f7132592ab510.jpg',1373214,to_date('18-JAN-23 01:44:24','DD-MON-RR HH24:MI:SS'),12,'N');
Insert into COFFEEDAO.FOLDER (FILE_NUM,FILE_PARENT,FILE_ORG,FILE_STD,FILE_SIZE,FILE_DATE,ITEM_ID,FILE_DEL) values (6,null,'punto4.webp','876d0e80face41df8a9974c22e78f63d.webp',58306,to_date('19-JAN-23 14:00:35','DD-MON-RR HH24:MI:SS'),13,'N');
Insert into COFFEEDAO.FOLDER (FILE_NUM,FILE_PARENT,FILE_ORG,FILE_STD,FILE_SIZE,FILE_DATE,ITEM_ID,FILE_DEL) values (7,null,'punta2.jpeg','aab6b9eb3d314935bb126bec1cfc3a0c.jpeg',384299,to_date('19-JAN-23 14:00:35','DD-MON-RR HH24:MI:SS'),13,'N');
Insert into COFFEEDAO.FOLDER (FILE_NUM,FILE_PARENT,FILE_ORG,FILE_STD,FILE_SIZE,FILE_DATE,ITEM_ID,FILE_DEL) values (8,null,'punta2.jpeg','79dec03e90ea43be8986d675076dec9c.jpeg',384299,to_date('20-JAN-23 03:43:54','DD-MON-RR HH24:MI:SS'),15,'Y');
Insert into COFFEEDAO.FOLDER (FILE_NUM,FILE_PARENT,FILE_ORG,FILE_STD,FILE_SIZE,FILE_DATE,ITEM_ID,FILE_DEL) values (9,null,'punto4.webp','c1bb120e8c2046149fd6142d8b21a86c.webp',58306,to_date('20-JAN-23 03:43:54','DD-MON-RR HH24:MI:SS'),15,'Y');
Insert into COFFEEDAO.FOLDER (FILE_NUM,FILE_PARENT,FILE_ORG,FILE_STD,FILE_SIZE,FILE_DATE,ITEM_ID,FILE_DEL) values (10,null,'cry.jpg','cee677c36ad64c4fb01ca5e504ee008a.jpg',3112835,to_date('22-JAN-23 13:07:17','DD-MON-RR HH24:MI:SS'),16,'Y');
Insert into COFFEEDAO.FOLDER (FILE_NUM,FILE_PARENT,FILE_ORG,FILE_STD,FILE_SIZE,FILE_DATE,ITEM_ID,FILE_DEL) values (11,null,'2486.jpg','278b2c5655e54e95a8082b4cf7aa283c.jpg',344274,to_date('22-JAN-23 13:07:17','DD-MON-RR HH24:MI:SS'),16,'Y');
Insert into COFFEEDAO.FOLDER (FILE_NUM,FILE_PARENT,FILE_ORG,FILE_STD,FILE_SIZE,FILE_DATE,ITEM_ID,FILE_DEL) values (12,null,'2486.jpg','e8d4179f864747f7b728bc51a34da950.jpg',344274,to_date('25-JAN-23 02:04:26','DD-MON-RR HH24:MI:SS'),18,'Y');
Insert into COFFEEDAO.FOLDER (FILE_NUM,FILE_PARENT,FILE_ORG,FILE_STD,FILE_SIZE,FILE_DATE,ITEM_ID,FILE_DEL) values (13,null,'2486.jpg','0623cb5304c54d7ca5cfae481c4ba778.jpg',344274,to_date('25-JAN-23 02:05:32','DD-MON-RR HH24:MI:SS'),19,'Y');
Insert into COFFEEDAO.FOLDER (FILE_NUM,FILE_PARENT,FILE_ORG,FILE_STD,FILE_SIZE,FILE_DATE,ITEM_ID,FILE_DEL) values (14,null,'ea7da7135913095.61f2ae91cd956.jpg','f0ff10bcee9c43b0b088959d04b035d9.jpg',223367,to_date('27-JAN-23 03:51:35','DD-MON-RR HH24:MI:SS'),20,'N');
Insert into COFFEEDAO.FOLDER (FILE_NUM,FILE_PARENT,FILE_ORG,FILE_STD,FILE_SIZE,FILE_DATE,ITEM_ID,FILE_DEL) values (16,null,'blend.png','cd38c2244ddc40dc9b3e026ff73ff72f.png',34708,to_date('27-JAN-23 04:58:34','DD-MON-RR HH24:MI:SS'),21,'N');
REM INSERTING into COFFEEDAO.ITEM
SET DEFINE OFF;
Insert into COFFEEDAO.ITEM (ITEM_ID,ITEM_NAME,ITEM_IMAGE,ITEM_DATE,SELL_ID,ITEM_CONT,ITEM_SUB,ITEM_COMP,ITEM_LOC,ITEM_200,ITEM_500,ITEM_CAF,ITEM_TASTE,ITEM_TYPE,ITEM_GRIND,ITEM_DEL,ITEM_LIKE) values (15,'Granos de cafe',null,to_date('20-JAN-23 03:43:54','DD-MON-RR HH24:MI:SS'),'Punta','asdasd','미운영','Punta del Cielo','Oaxaca','12000','15000','카페인','부드러운','블루마운틴',null,'Y',0);
Insert into COFFEEDAO.ITEM (ITEM_ID,ITEM_NAME,ITEM_IMAGE,ITEM_DATE,SELL_ID,ITEM_CONT,ITEM_SUB,ITEM_COMP,ITEM_LOC,ITEM_200,ITEM_500,ITEM_CAF,ITEM_TASTE,ITEM_TYPE,ITEM_GRIND,ITEM_DEL,ITEM_LIKE) values (8,'CanelaRush',null,to_date('16-JAN-23 02:27:06','DD-MON-RR HH24:MI:SS'),'cielo','Canela y etc','미운영','Cielo','Mexico','15000','18000','카페인','부드러운','블루마운틴',null,'Y',0);
Insert into COFFEEDAO.ITEM (ITEM_ID,ITEM_NAME,ITEM_IMAGE,ITEM_DATE,SELL_ID,ITEM_CONT,ITEM_SUB,ITEM_COMP,ITEM_LOC,ITEM_200,ITEM_500,ITEM_CAF,ITEM_TASTE,ITEM_TYPE,ITEM_GRIND,ITEM_DEL,ITEM_LIKE) values (9,'Blue Whale',null,to_date('16-JAN-23 02:32:38','DD-MON-RR HH24:MI:SS'),'cielo','Blue and whale','미운영','Cielo','Ethiopia','21000','23000','카페인','부드러운','콜롬비아',null,'Y',0);
Insert into COFFEEDAO.ITEM (ITEM_ID,ITEM_NAME,ITEM_IMAGE,ITEM_DATE,SELL_ID,ITEM_CONT,ITEM_SUB,ITEM_COMP,ITEM_LOC,ITEM_200,ITEM_500,ITEM_CAF,ITEM_TASTE,ITEM_TYPE,ITEM_GRIND,ITEM_DEL,ITEM_LIKE) values (10,'1',null,to_date('16-JAN-23 04:13:29','DD-MON-RR HH24:MI:SS'),'cielo','dsadsadadsa','미운영','Cielo','Ethiopia','12000','18000','카페인','부드러운','콜롬비아',null,'Y',0);
Insert into COFFEEDAO.ITEM (ITEM_ID,ITEM_NAME,ITEM_IMAGE,ITEM_DATE,SELL_ID,ITEM_CONT,ITEM_SUB,ITEM_COMP,ITEM_LOC,ITEM_200,ITEM_500,ITEM_CAF,ITEM_TASTE,ITEM_TYPE,ITEM_GRIND,ITEM_DEL,ITEM_LIKE) values (11,'Benny Gold',null,to_date('16-JAN-23 06:56:23','DD-MON-RR HH24:MI:SS'),'Punta','Benny es bien miedoso','미운영','Punta','Chihuahua','30000','35000','카페인','부드러운','블루마운틴',null,'N',0);
Insert into COFFEEDAO.ITEM (ITEM_ID,ITEM_NAME,ITEM_IMAGE,ITEM_DATE,SELL_ID,ITEM_CONT,ITEM_SUB,ITEM_COMP,ITEM_LOC,ITEM_200,ITEM_500,ITEM_CAF,ITEM_TASTE,ITEM_TYPE,ITEM_GRIND,ITEM_DEL,ITEM_LIKE) values (12,'Terraza',null,to_date('18-JAN-23 01:44:24','DD-MON-RR HH24:MI:SS'),'Punta','ASDDDADADSSA','미운영','Punta','Colombia','111000','111000','디카페인','부드러운','콜롬비아',null,'N',0);
Insert into COFFEEDAO.ITEM (ITEM_ID,ITEM_NAME,ITEM_IMAGE,ITEM_DATE,SELL_ID,ITEM_CONT,ITEM_SUB,ITEM_COMP,ITEM_LOC,ITEM_200,ITEM_500,ITEM_CAF,ITEM_TASTE,ITEM_TYPE,ITEM_GRIND,ITEM_DEL,ITEM_LIKE) values (13,'Cafe de grano',null,to_date('19-JAN-23 14:00:35','DD-MON-RR HH24:MI:SS'),'Punta','Cafe especial','운영','Punta del Cielo','Mexico','10000','12000','카페인','고소한','아라비카',null,'N',0);
Insert into COFFEEDAO.ITEM (ITEM_ID,ITEM_NAME,ITEM_IMAGE,ITEM_DATE,SELL_ID,ITEM_CONT,ITEM_SUB,ITEM_COMP,ITEM_LOC,ITEM_200,ITEM_500,ITEM_CAF,ITEM_TASTE,ITEM_TYPE,ITEM_GRIND,ITEM_DEL,ITEM_LIKE) values (16,'Cafe',null,to_date('22-JAN-23 13:07:17','DD-MON-RR HH24:MI:SS'),'Punta','asdasdasdasdas','미운영','asdasd','asdasd','12000','15000','카페인','부드러운','콜롬비아',null,'Y',0);
Insert into COFFEEDAO.ITEM (ITEM_ID,ITEM_NAME,ITEM_IMAGE,ITEM_DATE,SELL_ID,ITEM_CONT,ITEM_SUB,ITEM_COMP,ITEM_LOC,ITEM_200,ITEM_500,ITEM_CAF,ITEM_TASTE,ITEM_TYPE,ITEM_GRIND,ITEM_DEL,ITEM_LIKE) values (18,'asdasd',null,to_date('25-JAN-23 02:04:26','DD-MON-RR HH24:MI:SS'),'Punta','asdasdasd','미운영','asdasd','Ethiopia','12000','15000','디카페인','부드러운','콜롬비아',null,'Y',0);
Insert into COFFEEDAO.ITEM (ITEM_ID,ITEM_NAME,ITEM_IMAGE,ITEM_DATE,SELL_ID,ITEM_CONT,ITEM_SUB,ITEM_COMP,ITEM_LOC,ITEM_200,ITEM_500,ITEM_CAF,ITEM_TASTE,ITEM_TYPE,ITEM_GRIND,ITEM_DEL,ITEM_LIKE) values (19,'asdasd',null,to_date('25-JAN-23 02:05:32','DD-MON-RR HH24:MI:SS'),'Punta','asdasdasd','미운영','asdasd','Ethiopia','12000','15000','디카페인','부드러운','콜롬비아',null,'Y',0);
Insert into COFFEEDAO.ITEM (ITEM_ID,ITEM_NAME,ITEM_IMAGE,ITEM_DATE,SELL_ID,ITEM_CONT,ITEM_SUB,ITEM_COMP,ITEM_LOC,ITEM_200,ITEM_500,ITEM_CAF,ITEM_TASTE,ITEM_TYPE,ITEM_GRIND,ITEM_DEL,ITEM_LIKE) values (20,'Georgia',null,to_date('27-JAN-23 03:51:35','DD-MON-RR HH24:MI:SS'),'Punta','맛이 엄청 쓰다.','운영','Punta del Cielo','미국','15000','17000','카페인','쌉쌀한','로부스타',null,'N',0);
Insert into COFFEEDAO.ITEM (ITEM_ID,ITEM_NAME,ITEM_IMAGE,ITEM_DATE,SELL_ID,ITEM_CONT,ITEM_SUB,ITEM_COMP,ITEM_LOC,ITEM_200,ITEM_500,ITEM_CAF,ITEM_TASTE,ITEM_TYPE,ITEM_GRIND,ITEM_DEL,ITEM_LIKE) values (21,'asd',null,to_date('27-JAN-23 04:58:34','DD-MON-RR HH24:MI:SS'),'Punta','asdasd','미운영','Hi','미국','12000','15000','카페인','쌉쌀한','아라비카',null,'N',0);
REM INSERTING into COFFEEDAO.LIKES
SET DEFINE OFF;
Insert into COFFEEDAO.LIKES (UP_IDX,UP_ID,UP_COUNT,UP_MEM) values (7,12,1,'1');
Insert into COFFEEDAO.LIKES (UP_IDX,UP_ID,UP_COUNT,UP_MEM) values (12,11,1,'1');
REM INSERTING into COFFEEDAO.MEMBER
SET DEFINE OFF;
Insert into COFFEEDAO.MEMBER (MEM_ID,MEM_PWD,MEM_NAME,MEM_RDATE,MEM_EMAIL,MEM_ADDR1,MEM_ADDR2,MEM_ZP,MEM_PHONE,MEM_DEL) values ('Rose Cline','Peter Campbell','Ahmed Anthony',to_date('14-DEC-23 00:00:00','DD-MON-RR HH24:MI:SS'),'vivamus@protonmail.org','Azalia Potter','Noble Nixon','443757','343-4794',1);
Insert into COFFEEDAO.MEMBER (MEM_ID,MEM_PWD,MEM_NAME,MEM_RDATE,MEM_EMAIL,MEM_ADDR1,MEM_ADDR2,MEM_ZP,MEM_PHONE,MEM_DEL) values ('Brynn Spencer','Tasha Murphy','Whitney Nichols',to_date('14-NOV-23 00:00:00','DD-MON-RR HH24:MI:SS'),'volutpatssim@protonmail.ca','Theodore Potter','Gage Hardin','848267','663-6288',2);
Insert into COFFEEDAO.MEMBER (MEM_ID,MEM_PWD,MEM_NAME,MEM_RDATE,MEM_EMAIL,MEM_ADDR1,MEM_ADDR2,MEM_ZP,MEM_PHONE,MEM_DEL) values ('Keaton Cline','Hop Fry','Karen Luna',to_date('14-DEC-13 00:00:00','DD-MON-RR HH24:MI:SS'),'nullam@yahoo.net','Robert English','Emi Mcfadden','156492','388-6023',3);
Insert into COFFEEDAO.MEMBER (MEM_ID,MEM_PWD,MEM_NAME,MEM_RDATE,MEM_EMAIL,MEM_ADDR1,MEM_ADDR2,MEM_ZP,MEM_PHONE,MEM_DEL) values ('Quail Martin','Nolan Phelps','Dylan Dejesus',to_date('10-DEC-23 00:00:00','DD-MON-RR HH24:MI:SS'),'eu.metus.in@yahoo.com','Kameko Spence','Otto Salazar','3-0008','534-2439',4);
Insert into COFFEEDAO.MEMBER (MEM_ID,MEM_PWD,MEM_NAME,MEM_RDATE,MEM_EMAIL,MEM_ADDR1,MEM_ADDR2,MEM_ZP,MEM_PHONE,MEM_DEL) values ('Logan Fisher','Montana Jackson','Neil Wiley',to_date('14-OCT-23 00:00:00','DD-MON-RR HH24:MI:SS'),'nulla.eu@hotmail.edu','Simon Bolton','Avram Singleton','571650','361-1685',5);
Insert into COFFEEDAO.MEMBER (MEM_ID,MEM_PWD,MEM_NAME,MEM_RDATE,MEM_EMAIL,MEM_ADDR1,MEM_ADDR2,MEM_ZP,MEM_PHONE,MEM_DEL) values ('#{MEM_ID}','#{MEM_PWD}','#{MEM_NAME}',to_date('28-DEC-22 02:41:15','DD-MON-RR HH24:MI:SS'),'#{MEM_EMAIL}','#{MEM_ADDR1}','#{MEM_ADDR2}','MEM_ZP','MEM_PHON',1);
Insert into COFFEEDAO.MEMBER (MEM_ID,MEM_PWD,MEM_NAME,MEM_RDATE,MEM_EMAIL,MEM_ADDR1,MEM_ADDR2,MEM_ZP,MEM_PHONE,MEM_DEL) values ('1','1','2',to_date('28-DEC-22 03:50:02','DD-MON-RR HH24:MI:SS'),'2','울산 중구 만남의거리 1',' (성남동)','44532','333',1);
Insert into COFFEEDAO.MEMBER (MEM_ID,MEM_PWD,MEM_NAME,MEM_RDATE,MEM_EMAIL,MEM_ADDR1,MEM_ADDR2,MEM_ZP,MEM_PHONE,MEM_DEL) values ('2','2','2',to_date('28-DEC-22 04:16:09','DD-MON-RR HH24:MI:SS'),'2','2','2','2','2',1);
Insert into COFFEEDAO.MEMBER (MEM_ID,MEM_PWD,MEM_NAME,MEM_RDATE,MEM_EMAIL,MEM_ADDR1,MEM_ADDR2,MEM_ZP,MEM_PHONE,MEM_DEL) values ('eli','eli','as',to_date('28-DEC-22 15:00:19','DD-MON-RR HH24:MI:SS'),'as','서울 종로구 경교장길 5',' (교남동)','03180','as',1);
Insert into COFFEEDAO.MEMBER (MEM_ID,MEM_PWD,MEM_NAME,MEM_RDATE,MEM_EMAIL,MEM_ADDR1,MEM_ADDR2,MEM_ZP,MEM_PHONE,MEM_DEL) values ('sam','sam','sam',to_date('28-DEC-22 15:15:18','DD-MON-RR HH24:MI:SS'),'sams','제주특별자치도 제주시 가령로 1',' (이도이동)','63214','sam',1);
Insert into COFFEEDAO.MEMBER (MEM_ID,MEM_PWD,MEM_NAME,MEM_RDATE,MEM_EMAIL,MEM_ADDR1,MEM_ADDR2,MEM_ZP,MEM_PHONE,MEM_DEL) values ('test','test','test',to_date('28-DEC-22 15:33:03','DD-MON-RR HH24:MI:SS'),'test@test.test','경기 고양시 일산서구 고봉로 415',' (탄현동)','10247','010000000',1);
Insert into COFFEEDAO.MEMBER (MEM_ID,MEM_PWD,MEM_NAME,MEM_RDATE,MEM_EMAIL,MEM_ADDR1,MEM_ADDR2,MEM_ZP,MEM_PHONE,MEM_DEL) values ('test2','test','test2',to_date('28-DEC-22 15:42:31','DD-MON-RR HH24:MI:SS'),'test2@test.test','경기 고양시 일산서구 고봉로 415',' (탄현동)','10247','010000001',2);
Insert into COFFEEDAO.MEMBER (MEM_ID,MEM_PWD,MEM_NAME,MEM_RDATE,MEM_EMAIL,MEM_ADDR1,MEM_ADDR2,MEM_ZP,MEM_PHONE,MEM_DEL) values ('Benito','benny','Benito',to_date('19-JAN-23 05:00:05','DD-MON-RR HH24:MI:SS'),'camelo@gmail.com','울산 중구 성남동 241-1','asd','44532','01010002000',1);
Insert into COFFEEDAO.MEMBER (MEM_ID,MEM_PWD,MEM_NAME,MEM_RDATE,MEM_EMAIL,MEM_ADDR1,MEM_ADDR2,MEM_ZP,MEM_PHONE,MEM_DEL) values ('admin','admin','admin',to_date('03-JAN-23 05:25:17','DD-MON-RR HH24:MI:SS'),'admin','admin','admin','admin','admin',1);
Insert into COFFEEDAO.MEMBER (MEM_ID,MEM_PWD,MEM_NAME,MEM_RDATE,MEM_EMAIL,MEM_ADDR1,MEM_ADDR2,MEM_ZP,MEM_PHONE,MEM_DEL) values ('test3','test','test3',to_date('28-DEC-22 15:47:09','DD-MON-RR HH24:MI:SS'),'test3@test.test','경기 고양시 일산서구 고봉로 415',' (탄현동)','10247','010000003',1);
Insert into COFFEEDAO.MEMBER (MEM_ID,MEM_PWD,MEM_NAME,MEM_RDATE,MEM_EMAIL,MEM_ADDR1,MEM_ADDR2,MEM_ZP,MEM_PHONE,MEM_DEL) values ('Juancho','123','Juanpa',to_date('28-DEC-22 15:52:26','DD-MON-RR HH24:MI:SS'),'juan@juan.juan','경기 고양시 일산서구 탄현동 2-15','탄현동','10247','01010004000',1);
Insert into COFFEEDAO.MEMBER (MEM_ID,MEM_PWD,MEM_NAME,MEM_RDATE,MEM_EMAIL,MEM_ADDR1,MEM_ADDR2,MEM_ZP,MEM_PHONE,MEM_DEL) values ('3','3','3',to_date('23-JAN-23 05:43:17','DD-MON-RR HH24:MI:SS'),'3','서울 강동구 양재대로123길 7',' (천호동, 강동그랑시아)','05315','3',1);
Insert into COFFEEDAO.MEMBER (MEM_ID,MEM_PWD,MEM_NAME,MEM_RDATE,MEM_EMAIL,MEM_ADDR1,MEM_ADDR2,MEM_ZP,MEM_PHONE,MEM_DEL) values ('asdasd','asdasd','asasd',to_date('28-DEC-22 16:05:26','DD-MON-RR HH24:MI:SS'),'asdasd','경기 연천군 왕징면 군중로 1222','왕','11042','asdasd',1);
Insert into COFFEEDAO.MEMBER (MEM_ID,MEM_PWD,MEM_NAME,MEM_RDATE,MEM_EMAIL,MEM_ADDR1,MEM_ADDR2,MEM_ZP,MEM_PHONE,MEM_DEL) values ('ez','ez','ez',to_date('29-DEC-22 03:32:38','DD-MON-RR HH24:MI:SS'),'ez','서울 관악구 조원로 3-2',' (신림동)','08700','ez',1);
Insert into COFFEEDAO.MEMBER (MEM_ID,MEM_PWD,MEM_NAME,MEM_RDATE,MEM_EMAIL,MEM_ADDR1,MEM_ADDR2,MEM_ZP,MEM_PHONE,MEM_DEL) values ('cof','cof','cof',to_date('29-DEC-22 04:25:23','DD-MON-RR HH24:MI:SS'),'cof','경기 김포시 통진읍 마송로 26','마','10032','01010004000',1);
Insert into COFFEEDAO.MEMBER (MEM_ID,MEM_PWD,MEM_NAME,MEM_RDATE,MEM_EMAIL,MEM_ADDR1,MEM_ADDR2,MEM_ZP,MEM_PHONE,MEM_DEL) values ('cofe','cofe','coffee',to_date('29-DEC-22 04:26:10','DD-MON-RR HH24:MI:SS'),'cofe','경기 김포시 통진읍 마송로 26','마','10032','01010004000',1);
Insert into COFFEEDAO.MEMBER (MEM_ID,MEM_PWD,MEM_NAME,MEM_RDATE,MEM_EMAIL,MEM_ADDR1,MEM_ADDR2,MEM_ZP,MEM_PHONE,MEM_DEL) values ('d','d','d',to_date('29-DEC-22 05:26:24','DD-MON-RR HH24:MI:SS'),'d','서울 강동구 아리수로 46',' (암사동)','05237','d',1);
Insert into COFFEEDAO.MEMBER (MEM_ID,MEM_PWD,MEM_NAME,MEM_RDATE,MEM_EMAIL,MEM_ADDR1,MEM_ADDR2,MEM_ZP,MEM_PHONE,MEM_DEL) values ('2600278806','kakao','kakao',to_date('29-DEC-22 05:26:24','DD-MON-RR HH24:MI:SS'),'kakao@kakao.com','kakao','kakao','kakao','kakao',1);
Insert into COFFEEDAO.MEMBER (MEM_ID,MEM_PWD,MEM_NAME,MEM_RDATE,MEM_EMAIL,MEM_ADDR1,MEM_ADDR2,MEM_ZP,MEM_PHONE,MEM_DEL) values ('yu','yu','ya',to_date('29-DEC-22 09:33:54','DD-MON-RR HH24:MI:SS'),'yu','서울 종로구 대학로 136',' (혜화동)','03084','yu',1);
Insert into COFFEEDAO.MEMBER (MEM_ID,MEM_PWD,MEM_NAME,MEM_RDATE,MEM_EMAIL,MEM_ADDR1,MEM_ADDR2,MEM_ZP,MEM_PHONE,MEM_DEL) values ('12','12','12',to_date('02-JAN-23 13:14:27','DD-MON-RR HH24:MI:SS'),'12','서울 강북구 4.19로12길 5',' (수유동)','01012','12',1);
Insert into COFFEEDAO.MEMBER (MEM_ID,MEM_PWD,MEM_NAME,MEM_RDATE,MEM_EMAIL,MEM_ADDR1,MEM_ADDR2,MEM_ZP,MEM_PHONE,MEM_DEL) values ('5','5','5',to_date('03-JAN-23 05:25:17','DD-MON-RR HH24:MI:SS'),'5','강원 정선군 정선읍 5일장길 8','5','26130','5',1);
REM INSERTING into COFFEEDAO.ORDERS
SET DEFINE OFF;
Insert into COFFEEDAO.ORDERS (ORDER_IDX,ORDER_ID,ORDER_CART,ORDER_MEM,ORDER_NAME,ORDER_DATE,ORDER_NO,ORDER_ITEM,ORDER_COUNT,ORDER_PRICE,ORDER_TOT,ORDER_PHONE,ORDER_ZP,ORDER_ADDR1,ORDER_ADDR2,ORDER_HOLDER,ORDER_BANK,ORDER_ACCNO,ORDER_BILL,ORDER_STATE,ORDER_SENDNO,ORDER_SELLER,ORDER_MEMO,ORDER_SUB,ORDER_GRIND) values (4,247105282,7,'2','2',to_date('18-JAN-23 04:14:27','DD-MON-RR HH24:MI:SS'),7,'CanelaRush',1,18000,18000,'2','2','2','2','asd',null,null,null,'주문완료',null,null,'배송 입력사항(선택)',null,'모카포트');
Insert into COFFEEDAO.ORDERS (ORDER_IDX,ORDER_ID,ORDER_CART,ORDER_MEM,ORDER_NAME,ORDER_DATE,ORDER_NO,ORDER_ITEM,ORDER_COUNT,ORDER_PRICE,ORDER_TOT,ORDER_PHONE,ORDER_ZP,ORDER_ADDR1,ORDER_ADDR2,ORDER_HOLDER,ORDER_BANK,ORDER_ACCNO,ORDER_BILL,ORDER_STATE,ORDER_SENDNO,ORDER_SELLER,ORDER_MEMO,ORDER_SUB,ORDER_GRIND) values (5,247105282,9,'2','2',to_date('18-JAN-23 04:14:27','DD-MON-RR HH24:MI:SS'),11,'Benny Gold',1,30000,30000,'2','2','2','2','asd',null,null,null,'주문완료',null,null,'배송 입력사항(선택)',null,'모카포트');
Insert into COFFEEDAO.ORDERS (ORDER_IDX,ORDER_ID,ORDER_CART,ORDER_MEM,ORDER_NAME,ORDER_DATE,ORDER_NO,ORDER_ITEM,ORDER_COUNT,ORDER_PRICE,ORDER_TOT,ORDER_PHONE,ORDER_ZP,ORDER_ADDR1,ORDER_ADDR2,ORDER_HOLDER,ORDER_BANK,ORDER_ACCNO,ORDER_BILL,ORDER_STATE,ORDER_SENDNO,ORDER_SELLER,ORDER_MEMO,ORDER_SUB,ORDER_GRIND) values (6,2356130011,7,'2','2',to_date('18-JAN-23 04:14:58','DD-MON-RR HH24:MI:SS'),7,'CanelaRush',1,18000,18000,'2','2','2','2','asd',null,null,null,'주문완료',null,null,'배송 입력사항(선택)',null,'모카포트');
Insert into COFFEEDAO.ORDERS (ORDER_IDX,ORDER_ID,ORDER_CART,ORDER_MEM,ORDER_NAME,ORDER_DATE,ORDER_NO,ORDER_ITEM,ORDER_COUNT,ORDER_PRICE,ORDER_TOT,ORDER_PHONE,ORDER_ZP,ORDER_ADDR1,ORDER_ADDR2,ORDER_HOLDER,ORDER_BANK,ORDER_ACCNO,ORDER_BILL,ORDER_STATE,ORDER_SENDNO,ORDER_SELLER,ORDER_MEMO,ORDER_SUB,ORDER_GRIND) values (7,2356130011,9,'2','2',to_date('18-JAN-23 04:14:58','DD-MON-RR HH24:MI:SS'),11,'Benny Gold',1,30000,30000,'2','2','2','2','asd',null,null,null,'주문완료',null,null,'배송 입력사항(선택)',null,'모카포트');
Insert into COFFEEDAO.ORDERS (ORDER_IDX,ORDER_ID,ORDER_CART,ORDER_MEM,ORDER_NAME,ORDER_DATE,ORDER_NO,ORDER_ITEM,ORDER_COUNT,ORDER_PRICE,ORDER_TOT,ORDER_PHONE,ORDER_ZP,ORDER_ADDR1,ORDER_ADDR2,ORDER_HOLDER,ORDER_BANK,ORDER_ACCNO,ORDER_BILL,ORDER_STATE,ORDER_SENDNO,ORDER_SELLER,ORDER_MEMO,ORDER_SUB,ORDER_GRIND) values (8,6166303567,10,'2','2',to_date('18-JAN-23 04:32:26','DD-MON-RR HH24:MI:SS'),8,'CanelaRush',1,15000,15000,'2','2','2','2','asdasdasda',null,null,null,'주문완료',null,null,'배송 입력사항(선택)',null,'모카포트');
Insert into COFFEEDAO.ORDERS (ORDER_IDX,ORDER_ID,ORDER_CART,ORDER_MEM,ORDER_NAME,ORDER_DATE,ORDER_NO,ORDER_ITEM,ORDER_COUNT,ORDER_PRICE,ORDER_TOT,ORDER_PHONE,ORDER_ZP,ORDER_ADDR1,ORDER_ADDR2,ORDER_HOLDER,ORDER_BANK,ORDER_ACCNO,ORDER_BILL,ORDER_STATE,ORDER_SENDNO,ORDER_SELLER,ORDER_MEMO,ORDER_SUB,ORDER_GRIND) values (2,1455803706,7,'2','2',to_date('18-JAN-23 04:14:20','DD-MON-RR HH24:MI:SS'),7,'CanelaRush',1,18000,18000,'2','2','2','2','asdasd',null,null,null,'주문완료',null,null,'배송 입력사항(선택)',null,'모카포트');
Insert into COFFEEDAO.ORDERS (ORDER_IDX,ORDER_ID,ORDER_CART,ORDER_MEM,ORDER_NAME,ORDER_DATE,ORDER_NO,ORDER_ITEM,ORDER_COUNT,ORDER_PRICE,ORDER_TOT,ORDER_PHONE,ORDER_ZP,ORDER_ADDR1,ORDER_ADDR2,ORDER_HOLDER,ORDER_BANK,ORDER_ACCNO,ORDER_BILL,ORDER_STATE,ORDER_SENDNO,ORDER_SELLER,ORDER_MEMO,ORDER_SUB,ORDER_GRIND) values (3,1455803706,9,'2','2',to_date('18-JAN-23 04:14:20','DD-MON-RR HH24:MI:SS'),11,'Benny Gold',1,30000,30000,'2','2','2','2','asdasd',null,null,null,'주문완료',null,null,'배송 입력사항(선택)',null,'모카포트');
Insert into COFFEEDAO.ORDERS (ORDER_IDX,ORDER_ID,ORDER_CART,ORDER_MEM,ORDER_NAME,ORDER_DATE,ORDER_NO,ORDER_ITEM,ORDER_COUNT,ORDER_PRICE,ORDER_TOT,ORDER_PHONE,ORDER_ZP,ORDER_ADDR1,ORDER_ADDR2,ORDER_HOLDER,ORDER_BANK,ORDER_ACCNO,ORDER_BILL,ORDER_STATE,ORDER_SENDNO,ORDER_SELLER,ORDER_MEMO,ORDER_SUB,ORDER_GRIND) values (9,3834177762,12,'2','2',to_date('18-JAN-23 05:08:50','DD-MON-RR HH24:MI:SS'),8,'CanelaRush',1,15000,15000,'2','2','2','2','asdasda',null,null,null,'주문완료',null,null,'배송 입력사항(선택)',null,'모카포트');
Insert into COFFEEDAO.ORDERS (ORDER_IDX,ORDER_ID,ORDER_CART,ORDER_MEM,ORDER_NAME,ORDER_DATE,ORDER_NO,ORDER_ITEM,ORDER_COUNT,ORDER_PRICE,ORDER_TOT,ORDER_PHONE,ORDER_ZP,ORDER_ADDR1,ORDER_ADDR2,ORDER_HOLDER,ORDER_BANK,ORDER_ACCNO,ORDER_BILL,ORDER_STATE,ORDER_SENDNO,ORDER_SELLER,ORDER_MEMO,ORDER_SUB,ORDER_GRIND) values (10,660083575,13,'2','2',to_date('18-JAN-23 05:10:46','DD-MON-RR HH24:MI:SS'),8,'CanelaRush',1,15000,15000,'2','2','2','2','asdasd',null,null,null,'주문완료',null,'cielo','배송 입력사항(선택)',null,'모카포트');
Insert into COFFEEDAO.ORDERS (ORDER_IDX,ORDER_ID,ORDER_CART,ORDER_MEM,ORDER_NAME,ORDER_DATE,ORDER_NO,ORDER_ITEM,ORDER_COUNT,ORDER_PRICE,ORDER_TOT,ORDER_PHONE,ORDER_ZP,ORDER_ADDR1,ORDER_ADDR2,ORDER_HOLDER,ORDER_BANK,ORDER_ACCNO,ORDER_BILL,ORDER_STATE,ORDER_SENDNO,ORDER_SELLER,ORDER_MEMO,ORDER_SUB,ORDER_GRIND) values (11,6516814836,14,'2','2',to_date('18-JAN-23 06:09:04','DD-MON-RR HH24:MI:SS'),12,'Terraza',1,111000,111000,'2','2','2','2','asddd',null,null,null,'주문완료',null,'Punta','배송 입력사항(선택)',null,'모카포트');
Insert into COFFEEDAO.ORDERS (ORDER_IDX,ORDER_ID,ORDER_CART,ORDER_MEM,ORDER_NAME,ORDER_DATE,ORDER_NO,ORDER_ITEM,ORDER_COUNT,ORDER_PRICE,ORDER_TOT,ORDER_PHONE,ORDER_ZP,ORDER_ADDR1,ORDER_ADDR2,ORDER_HOLDER,ORDER_BANK,ORDER_ACCNO,ORDER_BILL,ORDER_STATE,ORDER_SENDNO,ORDER_SELLER,ORDER_MEMO,ORDER_SUB,ORDER_GRIND) values (12,214881410,15,'2','2',to_date('19-JAN-23 04:17:24','DD-MON-RR HH24:MI:SS'),8,'CanelaRush',1,15000,15000,'2','2','2','2','123',null,null,null,'주문완료',null,'cielo','배송 입력사항(선택)',null,'모카포트');
Insert into COFFEEDAO.ORDERS (ORDER_IDX,ORDER_ID,ORDER_CART,ORDER_MEM,ORDER_NAME,ORDER_DATE,ORDER_NO,ORDER_ITEM,ORDER_COUNT,ORDER_PRICE,ORDER_TOT,ORDER_PHONE,ORDER_ZP,ORDER_ADDR1,ORDER_ADDR2,ORDER_HOLDER,ORDER_BANK,ORDER_ACCNO,ORDER_BILL,ORDER_STATE,ORDER_SENDNO,ORDER_SELLER,ORDER_MEMO,ORDER_SUB,ORDER_GRIND) values (13,8184041521,16,'2','2',to_date('22-JAN-23 13:09:31','DD-MON-RR HH24:MI:SS'),10,'1',1,12000,12000,'2','2','2','2','asdasd',null,null,null,'주문완료',null,'cielo','배송 입력사항(선택)',null,'모카포트');
Insert into COFFEEDAO.ORDERS (ORDER_IDX,ORDER_ID,ORDER_CART,ORDER_MEM,ORDER_NAME,ORDER_DATE,ORDER_NO,ORDER_ITEM,ORDER_COUNT,ORDER_PRICE,ORDER_TOT,ORDER_PHONE,ORDER_ZP,ORDER_ADDR1,ORDER_ADDR2,ORDER_HOLDER,ORDER_BANK,ORDER_ACCNO,ORDER_BILL,ORDER_STATE,ORDER_SENDNO,ORDER_SELLER,ORDER_MEMO,ORDER_SUB,ORDER_GRIND) values (14,8184041521,17,'2','2',to_date('22-JAN-23 13:09:31','DD-MON-RR HH24:MI:SS'),16,'Cafe',1,12000,12000,'2','2','2','2','asdasd',null,null,null,'주문완료',null,'Punta','배송 입력사항(선택)',null,'모카포트');
Insert into COFFEEDAO.ORDERS (ORDER_IDX,ORDER_ID,ORDER_CART,ORDER_MEM,ORDER_NAME,ORDER_DATE,ORDER_NO,ORDER_ITEM,ORDER_COUNT,ORDER_PRICE,ORDER_TOT,ORDER_PHONE,ORDER_ZP,ORDER_ADDR1,ORDER_ADDR2,ORDER_HOLDER,ORDER_BANK,ORDER_ACCNO,ORDER_BILL,ORDER_STATE,ORDER_SENDNO,ORDER_SELLER,ORDER_MEMO,ORDER_SUB,ORDER_GRIND) values (15,5147771776,32,'2','2',to_date('26-JAN-23 11:45:04','DD-MON-RR HH24:MI:SS'),11,'Benny Gold',1,30000,30000,'333','2','2','2','1111',null,null,null,'주문완료',null,'Punta','배송 입력사항(선택)',null,'모카포트');
Insert into COFFEEDAO.ORDERS (ORDER_IDX,ORDER_ID,ORDER_CART,ORDER_MEM,ORDER_NAME,ORDER_DATE,ORDER_NO,ORDER_ITEM,ORDER_COUNT,ORDER_PRICE,ORDER_TOT,ORDER_PHONE,ORDER_ZP,ORDER_ADDR1,ORDER_ADDR2,ORDER_HOLDER,ORDER_BANK,ORDER_ACCNO,ORDER_BILL,ORDER_STATE,ORDER_SENDNO,ORDER_SELLER,ORDER_MEMO,ORDER_SUB,ORDER_GRIND) values (16,5147771776,30,'2','2',to_date('26-JAN-23 11:45:04','DD-MON-RR HH24:MI:SS'),10,'1',1,12000,12000,'333','2','2','2','1111',null,null,null,'주문완료',null,'cielo','배송 입력사항(선택)',null,'모카포트');
Insert into COFFEEDAO.ORDERS (ORDER_IDX,ORDER_ID,ORDER_CART,ORDER_MEM,ORDER_NAME,ORDER_DATE,ORDER_NO,ORDER_ITEM,ORDER_COUNT,ORDER_PRICE,ORDER_TOT,ORDER_PHONE,ORDER_ZP,ORDER_ADDR1,ORDER_ADDR2,ORDER_HOLDER,ORDER_BANK,ORDER_ACCNO,ORDER_BILL,ORDER_STATE,ORDER_SENDNO,ORDER_SELLER,ORDER_MEMO,ORDER_SUB,ORDER_GRIND) values (17,5147771776,31,'2','2',to_date('26-JAN-23 11:45:04','DD-MON-RR HH24:MI:SS'),11,'Benny Gold',1,30000,30000,'333','2','2','2','1111',null,null,null,'주문완료',null,'Punta','배송 입력사항(선택)',null,'모카포트');
Insert into COFFEEDAO.ORDERS (ORDER_IDX,ORDER_ID,ORDER_CART,ORDER_MEM,ORDER_NAME,ORDER_DATE,ORDER_NO,ORDER_ITEM,ORDER_COUNT,ORDER_PRICE,ORDER_TOT,ORDER_PHONE,ORDER_ZP,ORDER_ADDR1,ORDER_ADDR2,ORDER_HOLDER,ORDER_BANK,ORDER_ACCNO,ORDER_BILL,ORDER_STATE,ORDER_SENDNO,ORDER_SELLER,ORDER_MEMO,ORDER_SUB,ORDER_GRIND) values (18,3527633880,0,'2','2',to_date('27-JAN-23 02:49:52','DD-MON-RR HH24:MI:SS'),11,'Benny Gold',1,30000,30000,'333','2','2','2','asd',null,null,null,'주문완료',null,'Punta','배송 입력사항(선택)',null,'none');
Insert into COFFEEDAO.ORDERS (ORDER_IDX,ORDER_ID,ORDER_CART,ORDER_MEM,ORDER_NAME,ORDER_DATE,ORDER_NO,ORDER_ITEM,ORDER_COUNT,ORDER_PRICE,ORDER_TOT,ORDER_PHONE,ORDER_ZP,ORDER_ADDR1,ORDER_ADDR2,ORDER_HOLDER,ORDER_BANK,ORDER_ACCNO,ORDER_BILL,ORDER_STATE,ORDER_SENDNO,ORDER_SELLER,ORDER_MEMO,ORDER_SUB,ORDER_GRIND) values (19,5758024238,0,'2','2',to_date('27-JAN-23 03:48:59','DD-MON-RR HH24:MI:SS'),11,'Benny Gold',1,30000,30000,'333','2','2','2','asdasd',null,null,null,'배송중','1231231233','Punta','배송 입력사항(선택)',null,'none');
Insert into COFFEEDAO.ORDERS (ORDER_IDX,ORDER_ID,ORDER_CART,ORDER_MEM,ORDER_NAME,ORDER_DATE,ORDER_NO,ORDER_ITEM,ORDER_COUNT,ORDER_PRICE,ORDER_TOT,ORDER_PHONE,ORDER_ZP,ORDER_ADDR1,ORDER_ADDR2,ORDER_HOLDER,ORDER_BANK,ORDER_ACCNO,ORDER_BILL,ORDER_STATE,ORDER_SENDNO,ORDER_SELLER,ORDER_MEMO,ORDER_SUB,ORDER_GRIND) values (20,7686120081,0,'1','2',to_date('27-JAN-23 05:39:20','DD-MON-RR HH24:MI:SS'),20,'Georgia',1,15000,15000,'333','2','2','2','ㅁㄴㅇ',null,null,null,'주문취소',null,'Punta','배송 입력사항(선택)',null,'none');
REM INSERTING into COFFEEDAO.PAYMENT
SET DEFINE OFF;
Insert into COFFEEDAO.PAYMENT (PAY_IDX,PAY_ID,PAY_CART,PAY_TOT,PAY_CARTOT,PAY_DATE) values (10,3834177762,null,17500,null,to_date('18-JAN-23 05:08:50','DD-MON-RR HH24:MI:SS'));
Insert into COFFEEDAO.PAYMENT (PAY_IDX,PAY_ID,PAY_CART,PAY_TOT,PAY_CARTOT,PAY_DATE) values (11,660083575,null,17500,null,to_date('18-JAN-23 05:10:46','DD-MON-RR HH24:MI:SS'));
Insert into COFFEEDAO.PAYMENT (PAY_IDX,PAY_ID,PAY_CART,PAY_TOT,PAY_CARTOT,PAY_DATE) values (12,6516814836,null,113500,null,to_date('18-JAN-23 06:09:04','DD-MON-RR HH24:MI:SS'));
Insert into COFFEEDAO.PAYMENT (PAY_IDX,PAY_ID,PAY_CART,PAY_TOT,PAY_CARTOT,PAY_DATE) values (13,214881410,null,17500,null,to_date('19-JAN-23 04:17:24','DD-MON-RR HH24:MI:SS'));
Insert into COFFEEDAO.PAYMENT (PAY_IDX,PAY_ID,PAY_CART,PAY_TOT,PAY_CARTOT,PAY_DATE) values (14,8184041521,null,26500,null,to_date('22-JAN-23 13:09:31','DD-MON-RR HH24:MI:SS'));
Insert into COFFEEDAO.PAYMENT (PAY_IDX,PAY_ID,PAY_CART,PAY_TOT,PAY_CARTOT,PAY_DATE) values (8,2356130011,null,50500,null,to_date('18-JAN-23 04:14:58','DD-MON-RR HH24:MI:SS'));
Insert into COFFEEDAO.PAYMENT (PAY_IDX,PAY_ID,PAY_CART,PAY_TOT,PAY_CARTOT,PAY_DATE) values (9,6166303567,null,17500,null,to_date('18-JAN-23 04:32:26','DD-MON-RR HH24:MI:SS'));
Insert into COFFEEDAO.PAYMENT (PAY_IDX,PAY_ID,PAY_CART,PAY_TOT,PAY_CARTOT,PAY_DATE) values (15,5147771776,null,74500,null,to_date('26-JAN-23 11:45:04','DD-MON-RR HH24:MI:SS'));
Insert into COFFEEDAO.PAYMENT (PAY_IDX,PAY_ID,PAY_CART,PAY_TOT,PAY_CARTOT,PAY_DATE) values (16,3527633880,null,32500,null,to_date('27-JAN-23 02:49:52','DD-MON-RR HH24:MI:SS'));
Insert into COFFEEDAO.PAYMENT (PAY_IDX,PAY_ID,PAY_CART,PAY_TOT,PAY_CARTOT,PAY_DATE) values (17,5758024238,null,32500,null,to_date('27-JAN-23 03:48:59','DD-MON-RR HH24:MI:SS'));
Insert into COFFEEDAO.PAYMENT (PAY_IDX,PAY_ID,PAY_CART,PAY_TOT,PAY_CARTOT,PAY_DATE) values (18,7686120081,null,17500,null,to_date('27-JAN-23 05:39:20','DD-MON-RR HH24:MI:SS'));
REM INSERTING into COFFEEDAO.QUESTION_ASK
SET DEFINE OFF;
Insert into COFFEEDAO.QUESTION_ASK (QA_IDX,QA_DATE,QA_CLASS,QA_TITLE,QA_CONT,QA_WRITER,QA_STATE,QA_IMAGE,QA_DEL) values (1,to_date('21-DEC-22 04:57:50','DD-MON-RR HH24:MI:SS'),'ㅓㅓ1','제목 1','내용 1','작성자 1','21','11','1');
Insert into COFFEEDAO.QUESTION_ASK (QA_IDX,QA_DATE,QA_CLASS,QA_TITLE,QA_CONT,QA_WRITER,QA_STATE,QA_IMAGE,QA_DEL) values (2,to_date('21-DEC-22 04:57:50','DD-MON-RR HH24:MI:SS'),'ㅓㅓ2','제목 2','내용 2','작성자 2','22','12','1');
Insert into COFFEEDAO.QUESTION_ASK (QA_IDX,QA_DATE,QA_CLASS,QA_TITLE,QA_CONT,QA_WRITER,QA_STATE,QA_IMAGE,QA_DEL) values (3,to_date('21-DEC-22 04:57:50','DD-MON-RR HH24:MI:SS'),'ㅓㅓ3','제목 3','내용 3','작성자 3','23','13','1');
Insert into COFFEEDAO.QUESTION_ASK (QA_IDX,QA_DATE,QA_CLASS,QA_TITLE,QA_CONT,QA_WRITER,QA_STATE,QA_IMAGE,QA_DEL) values (4,to_date('21-DEC-22 04:57:50','DD-MON-RR HH24:MI:SS'),'ㅓㅓ4','제목 4','내용 4','작성자 4','24','14','1');
Insert into COFFEEDAO.QUESTION_ASK (QA_IDX,QA_DATE,QA_CLASS,QA_TITLE,QA_CONT,QA_WRITER,QA_STATE,QA_IMAGE,QA_DEL) values (5,to_date('21-DEC-22 04:57:50','DD-MON-RR HH24:MI:SS'),'ㅓㅓ5','제목 5','내용 5','작성자 5','25','15','1');
Insert into COFFEEDAO.QUESTION_ASK (QA_IDX,QA_DATE,QA_CLASS,QA_TITLE,QA_CONT,QA_WRITER,QA_STATE,QA_IMAGE,QA_DEL) values (6,to_date('22-DEC-22 00:12:50','DD-MON-RR HH24:MI:SS'),'ㅓㅓ1','제목 1','내용 1','작성자 1','21','11','1');
Insert into COFFEEDAO.QUESTION_ASK (QA_IDX,QA_DATE,QA_CLASS,QA_TITLE,QA_CONT,QA_WRITER,QA_STATE,QA_IMAGE,QA_DEL) values (7,to_date('22-DEC-22 00:12:50','DD-MON-RR HH24:MI:SS'),'ㅓㅓ2','제목 2','내용 2','작성자 2','22','12','1');
Insert into COFFEEDAO.QUESTION_ASK (QA_IDX,QA_DATE,QA_CLASS,QA_TITLE,QA_CONT,QA_WRITER,QA_STATE,QA_IMAGE,QA_DEL) values (8,to_date('22-DEC-22 00:12:50','DD-MON-RR HH24:MI:SS'),'ㅓㅓ3','제목 3','내용 3','작성자 3','23','13','1');
Insert into COFFEEDAO.QUESTION_ASK (QA_IDX,QA_DATE,QA_CLASS,QA_TITLE,QA_CONT,QA_WRITER,QA_STATE,QA_IMAGE,QA_DEL) values (9,to_date('22-DEC-22 00:12:50','DD-MON-RR HH24:MI:SS'),'ㅓㅓ4','제목 4','asdjalsdjlaskjdlkajslkdalksjdlkajsdljalsdjalkjdlajsdlaskdlasjdlkasdlkasjdaklsdjlkasdkljasldjklajsdlkjalksjdlkasjdljaklsjdlkajsdklaklsjdlkajsdlkjaksldjkl','작성자 4','답변 완료','14','1');
Insert into COFFEEDAO.QUESTION_ASK (QA_IDX,QA_DATE,QA_CLASS,QA_TITLE,QA_CONT,QA_WRITER,QA_STATE,QA_IMAGE,QA_DEL) values (10,to_date('22-DEC-22 00:12:50','DD-MON-RR HH24:MI:SS'),'ㅓㅓ5','제목 5','내용 5 edit 2','작성자 5','답변 완료','15','2');
Insert into COFFEEDAO.QUESTION_ASK (QA_IDX,QA_DATE,QA_CLASS,QA_TITLE,QA_CONT,QA_WRITER,QA_STATE,QA_IMAGE,QA_DEL) values (11,to_date('27-JAN-23 01:42:05','DD-MON-RR HH24:MI:SS'),'주문 결제 배송','problemas','problemasproblemasproblemasproblemasproblemasproblemasproblemasproblemasproblemasproblemasproblemasproblemasproblemasproblemasproblemasproblemasproblemasproblemasproblemasproblemasproblemasproblemasproblemasproblemasproblemasproblemasproblemas','1','답변 완료','heart.png','2');
Insert into COFFEEDAO.QUESTION_ASK (QA_IDX,QA_DATE,QA_CLASS,QA_TITLE,QA_CONT,QA_WRITER,QA_STATE,QA_IMAGE,QA_DEL) values (12,to_date('27-JAN-23 03:47:21','DD-MON-RR HH24:MI:SS'),'회원정보','asdasdasdasdasd','asdasdasdasdasd


///ajkshdjkahskdhakshdkaskjdaskjdhkjashdkjashjkd','1','답변 완료','2486.jpg','1');
Insert into COFFEEDAO.QUESTION_ASK (QA_IDX,QA_DATE,QA_CLASS,QA_TITLE,QA_CONT,QA_WRITER,QA_STATE,QA_IMAGE,QA_DEL) values (13,to_date('27-JAN-23 05:01:19','DD-MON-RR HH24:MI:SS'),'취소 반품 교환','asdasdasd','asdasdasd


////// ajshdkajhsdhaksjdhjkasdhjkahsdkjhajksdh','2600278806','답변 완료','ea7da7135913095.61f2ae91cd956.jpg','1');
REM INSERTING into COFFEEDAO.QUESTION_REPLY
SET DEFINE OFF;
Insert into COFFEEDAO.QUESTION_REPLY (QR_IDX,QR_ARTNO,QR_WRITER,QR_DATE,QR_CONT,QR_REF,QR_STEP,QR_LEVEL) values (1,1,'작성자 1',to_date('22-DEC-22 00:14:14','DD-MON-RR HH24:MI:SS'),'내용 1',1,1,1);
Insert into COFFEEDAO.QUESTION_REPLY (QR_IDX,QR_ARTNO,QR_WRITER,QR_DATE,QR_CONT,QR_REF,QR_STEP,QR_LEVEL) values (2,2,'작성자 2',to_date('22-DEC-22 00:14:14','DD-MON-RR HH24:MI:SS'),'내용 2',2,2,2);
Insert into COFFEEDAO.QUESTION_REPLY (QR_IDX,QR_ARTNO,QR_WRITER,QR_DATE,QR_CONT,QR_REF,QR_STEP,QR_LEVEL) values (3,3,'작성자 3',to_date('22-DEC-22 00:14:14','DD-MON-RR HH24:MI:SS'),'내용 3',3,3,3);
Insert into COFFEEDAO.QUESTION_REPLY (QR_IDX,QR_ARTNO,QR_WRITER,QR_DATE,QR_CONT,QR_REF,QR_STEP,QR_LEVEL) values (4,4,'작성자 4',to_date('22-DEC-22 00:14:14','DD-MON-RR HH24:MI:SS'),'내용 4',4,4,4);
Insert into COFFEEDAO.QUESTION_REPLY (QR_IDX,QR_ARTNO,QR_WRITER,QR_DATE,QR_CONT,QR_REF,QR_STEP,QR_LEVEL) values (5,5,'작성자 5',to_date('22-DEC-22 00:14:14','DD-MON-RR HH24:MI:SS'),'내용 5',5,5,5);
REM INSERTING into COFFEEDAO.REVIEW
SET DEFINE OFF;
Insert into COFFEEDAO.REVIEW (RE_IDX,RE_ITEM,RE_MEM,RE_SELLER,RE_DATE,RE_CONTENT,RE_REF,RE_STEP) values (1,11,'회원작성자1','업체작성자1',to_date('22-DEC-22 00:15:47','DD-MON-RR HH24:MI:SS'),'내용1',1,0);
Insert into COFFEEDAO.REVIEW (RE_IDX,RE_ITEM,RE_MEM,RE_SELLER,RE_DATE,RE_CONTENT,RE_REF,RE_STEP) values (2,11,'회원작성자2','업체작성자2',to_date('22-DEC-22 00:15:47','DD-MON-RR HH24:MI:SS'),'asdasdasdasd',1,1);
Insert into COFFEEDAO.REVIEW (RE_IDX,RE_ITEM,RE_MEM,RE_SELLER,RE_DATE,RE_CONTENT,RE_REF,RE_STEP) values (3,3,'회원작성자3','업체작성자3',to_date('22-DEC-22 00:15:47','DD-MON-RR HH24:MI:SS'),'내용3',3,3);
Insert into COFFEEDAO.REVIEW (RE_IDX,RE_ITEM,RE_MEM,RE_SELLER,RE_DATE,RE_CONTENT,RE_REF,RE_STEP) values (4,4,'회원작성자4','업체작성자4',to_date('22-DEC-22 00:15:47','DD-MON-RR HH24:MI:SS'),'내용4',4,4);
Insert into COFFEEDAO.REVIEW (RE_IDX,RE_ITEM,RE_MEM,RE_SELLER,RE_DATE,RE_CONTENT,RE_REF,RE_STEP) values (5,5,'회원작성자5','업체작성자5',to_date('22-DEC-22 00:15:47','DD-MON-RR HH24:MI:SS'),'내용5',5,5);
REM INSERTING into COFFEEDAO.SELLER
SET DEFINE OFF;
Insert into COFFEEDAO.SELLER (SELL_ID,SELL_PWD,SELL_NUM,SELL_NAME,SELL_PHONE,SELL_ADDR1,SELL_ADDR2,SELL_ZP,SELL_EMAIL,SELL_BANK,SELL_IMAGE,SELL_PROF,SELL_CONT,SELL_RDATE,SELL_BNUM,SELL_SNS,SELL_STATE) values ('a','a','a','a','a','충북 청주시 서원구 1순환로 632',' (사창동)','28574','a',null,'a_image_back.jpg',null,'a',to_date('02-JAN-23 15:56:11','DD-MON-RR HH24:MI:SS'),null,'a',2);
Insert into COFFEEDAO.SELLER (SELL_ID,SELL_PWD,SELL_NUM,SELL_NAME,SELL_PHONE,SELL_ADDR1,SELL_ADDR2,SELL_ZP,SELL_EMAIL,SELL_BANK,SELL_IMAGE,SELL_PROF,SELL_CONT,SELL_RDATE,SELL_BNUM,SELL_SNS,SELL_STATE) values ('1','1','1','1','1','충북 청주시 서원구 1순환로 632',' (사창동)','28574','1','국민은행','1_image_coffeedao.png','1_logo_coffeedao.png','1',to_date('03-JAN-23 04:37:53','DD-MON-RR HH24:MI:SS'),null,'1',2);
Insert into COFFEEDAO.SELLER (SELL_ID,SELL_PWD,SELL_NUM,SELL_NAME,SELL_PHONE,SELL_ADDR1,SELL_ADDR2,SELL_ZP,SELL_EMAIL,SELL_BANK,SELL_IMAGE,SELL_PROF,SELL_CONT,SELL_RDATE,SELL_BNUM,SELL_SNS,SELL_STATE) values ('3','1','3','3','3','대구 북구 3공단로 3',' (노원동3가)','41498','3','국민은행','3_image_coffeedao.png','3_logo_coffeedao.png','3',to_date('03-JAN-23 04:53:40','DD-MON-RR HH24:MI:SS'),null,'3',2);
Insert into COFFEEDAO.SELLER (SELL_ID,SELL_PWD,SELL_NUM,SELL_NAME,SELL_PHONE,SELL_ADDR1,SELL_ADDR2,SELL_ZP,SELL_EMAIL,SELL_BANK,SELL_IMAGE,SELL_PROF,SELL_CONT,SELL_RDATE,SELL_BNUM,SELL_SNS,SELL_STATE) values ('2','2','2','2','2','광주 서구 2순환로 2275',' (치평동)','61954','2',null,'2_image_coffeedao.png','2_logo_coffeedao.png','2',to_date('04-JAN-23 09:47:49','DD-MON-RR HH24:MI:SS'),null,'2',2);
Insert into COFFEEDAO.SELLER (SELL_ID,SELL_PWD,SELL_NUM,SELL_NAME,SELL_PHONE,SELL_ADDR1,SELL_ADDR2,SELL_ZP,SELL_EMAIL,SELL_BANK,SELL_IMAGE,SELL_PROF,SELL_CONT,SELL_RDATE,SELL_BNUM,SELL_SNS,SELL_STATE) values ('4','3','3','3','3','대구 북구 3공단로 3',' (노원동3가)','41498','3',null,'3_image_cafe.jpg, 3_image_change.jpg','3_logo_change.jpg','3',to_date('04-JAN-23 12:20:01','DD-MON-RR HH24:MI:SS'),null,'3',2);
Insert into COFFEEDAO.SELLER (SELL_ID,SELL_PWD,SELL_NUM,SELL_NAME,SELL_PHONE,SELL_ADDR1,SELL_ADDR2,SELL_ZP,SELL_EMAIL,SELL_BANK,SELL_IMAGE,SELL_PROF,SELL_CONT,SELL_RDATE,SELL_BNUM,SELL_SNS,SELL_STATE) values ('Terraza','tera','123123123123','La Terraza','5558910992','서울 강북구 4.19로11길 6',' (수유동)','01014','terraza@terraza.com',null,'La Terraza_image_attachment_108649353.jpg, La Terraza_image_back.jpg','La Terraza_logo_Princepurplerain.jpg','La terraza es un lugar donde los cafes se nacen',to_date('10-JAN-23 03:57:39','DD-MON-RR HH24:MI:SS'),null,'laTerrazaCafe',2);
Insert into COFFEEDAO.SELLER (SELL_ID,SELL_PWD,SELL_NUM,SELL_NAME,SELL_PHONE,SELL_ADDR1,SELL_ADDR2,SELL_ZP,SELL_EMAIL,SELL_BANK,SELL_IMAGE,SELL_PROF,SELL_CONT,SELL_RDATE,SELL_BNUM,SELL_SNS,SELL_STATE) values ('da','da','123123123123','da','da','서울 강북구 삼양로123길 1',' (수유동)','01030','da',null,'da_image_coffeedao.png','da_logo_coffeedao.png','dadadadada',to_date('10-JAN-23 04:01:39','DD-MON-RR HH24:MI:SS'),null,'dadada',2);
Insert into COFFEEDAO.SELLER (SELL_ID,SELL_PWD,SELL_NUM,SELL_NAME,SELL_PHONE,SELL_ADDR1,SELL_ADDR2,SELL_ZP,SELL_EMAIL,SELL_BANK,SELL_IMAGE,SELL_PROF,SELL_CONT,SELL_RDATE,SELL_BNUM,SELL_SNS,SELL_STATE) values ('cielo','cielo','123123123123','Cielito Lindo Cafe','5558910992','서울 강북구 4.19로31길 2',' (수유동)','01018','cielito@lindo.com',null,'Cielito Lindo Cafe_image_2486.jpg,Cielito Lindo Cafe_image_cielito_querido_blog2.png,Cielito Lindo Cafe_image_cielito-querido-cafe.jpg,Cielito Lindo Cafe_image_open-uri20140609-10076-4xw8a9.jpg','Cielito Lindo Cafe_logo_688.webp','Cielito Querido is a neo-retro chain concept whose products are Mexican, and it does not adhere to the one-size-fits-all standard of global coffee shops. The coffee shop chain is inspired by Latin American culture and uses some colonial influences. The theme of the company is inspired by illustrated graphics from the late nineteenth and early twentieth centuries. Cielito Querido Café has 100% Mexican suppliers and producers from the main coffee and chocolate manufacturers located in Oaxaca, Chiapas and Veracruz. Its name comes from Mexican popular music, inspired by the song "Cielito Lindo" written in 1882 by the Mexican composer Quirino Mendoza y Cortéz forming a play on words with another famous Mexican song which is "Mexico Lindo y Querido" by the Mexican composer Chucho Monge. Their mission is "to regain the market in a nostalgic, cheerful, dynamic and highly diverse way". ',to_date('10-JAN-23 16:35:27','DD-MON-RR HH24:MI:SS'),null,'cielitoqueridooficial',1);
Insert into COFFEEDAO.SELLER (SELL_ID,SELL_PWD,SELL_NUM,SELL_NAME,SELL_PHONE,SELL_ADDR1,SELL_ADDR2,SELL_ZP,SELL_EMAIL,SELL_BANK,SELL_IMAGE,SELL_PROF,SELL_CONT,SELL_RDATE,SELL_BNUM,SELL_SNS,SELL_STATE) values ('Punta','punta','123123123123','Cafe Punta del Cielo','55836338','서울 강북구 4.19로17길 11',' (수유동)','01015','puntadecielo@punta.com',null,'Cafe Punta del Cielo_image_punta2.jpeg,Cafe Punta del Cielo_image_punta3.jpeg,Cafe Punta del Cielo_image_punto4.webp','Cafe Punta del Cielo_logo_punta.png','UNA EMPRESA MEXICANA fundada hace 21 años y estamos enfocados en el desarrollo de toda la industria alrededor del café. Con más de 50 productos en el mercado.

Contamos con sucursales a nivel nacional que nos permiten ofrecer la mejor experiencia de disfrutar una taza de café.',to_date('11-JAN-23 03:49:47','DD-MON-RR HH24:MI:SS'),null,'puntadelcielocpc',1);
Insert into COFFEEDAO.SELLER (SELL_ID,SELL_PWD,SELL_NUM,SELL_NAME,SELL_PHONE,SELL_ADDR1,SELL_ADDR2,SELL_ZP,SELL_EMAIL,SELL_BANK,SELL_IMAGE,SELL_PROF,SELL_CONT,SELL_RDATE,SELL_BNUM,SELL_SNS,SELL_STATE) values ('moro','moro','123123123123','Churreria El Moro','5558910992','서울 종로구 북촌로 31-4',' (가회동)','03055','moro@churreria.com',null,'Churreria El Moro_image_moro.jpg,Churreria El Moro_image_moro2.jpg,Churreria El Moro_image_moro3.webp','Churreria El Moro_logo_morologo.png','En 1933 desde un pueblo llamado Elizondo, en el valle del Baztán, España, emigró Francisco Iriarte hacia la Ciudad de México, quién al llegar al país y notar que no vendían churros, decidió instalar un carrito para venderlos en el Zócalo y así traer un poco de su cultura con él y presentar este producto a la gente mexicana.

 

A manera de homenaje, decidió llamarlo “El Moro”, apodo que tenía un vendedor de churros en las fiestas de su natal pueblo, y de esa manera, conservar algo de su memoria y recuerdos en este nuevo negocio.

 

Poco a poco los churros se popularizaron en la Ciudad de México y fue tanta la aceptación, que con mucho esfuerzo se logró adquirir el local del número 42 en la previamente llamada Avenida San Juan Letrán, hoy Eje Central, en pleno centro de la Capital Mexicana, abriendo sus puertas en el año de 1935 durante la Época de Oro de México, recibiendo desde personajes y figuras nacionales y mundiales, hasta todo tipo de familias capitalinas, convirtiéndose así en parte de la rutina de la ciudad.

 

En 1940 Francisco falleció, pero sus hermanos José, Santiago e Ignacio decidieron mudarse a México desde España para continuar con el legado de su hermano. Desde entonces, Churrería El Moro se ha mantenido como un negocio familiar, pasando de generación en generación hasta la actualidad, permaneciendo como un lugar de convivencia y reunión, además de un punto histórico y cultural de la Ciudad de México.',to_date('12-JAN-23 05:48:05','DD-MON-RR HH24:MI:SS'),null,'churreriaelmoro',1);
Insert into COFFEEDAO.SELLER (SELL_ID,SELL_PWD,SELL_NUM,SELL_NAME,SELL_PHONE,SELL_ADDR1,SELL_ADDR2,SELL_ZP,SELL_EMAIL,SELL_BANK,SELL_IMAGE,SELL_PROF,SELL_CONT,SELL_RDATE,SELL_BNUM,SELL_SNS,SELL_STATE) values ('f','f','f','f','f','부산 해운대구 APEC로 17',' (우동)','48060','f',null,'f_image_','f_logo_heart.png','aaaa',to_date('26-JAN-23 04:33:55','DD-MON-RR HH24:MI:SS'),null,'a',1);
--------------------------------------------------------
--  DDL for Index SYS_C007487
--------------------------------------------------------

  CREATE UNIQUE INDEX "COFFEEDAO"."SYS_C007487" ON "COFFEEDAO"."BALANCE" ("BAL_IDX") 
  PCTFREE 10 INITRANS 2 MAXTRANS 255 COMPUTE STATISTICS 
  STORAGE(INITIAL 65536 NEXT 1048576 MINEXTENTS 1 MAXEXTENTS 2147483645
  PCTINCREASE 0 FREELISTS 1 FREELIST GROUPS 1 BUFFER_POOL DEFAULT FLASH_CACHE DEFAULT CELL_FLASH_CACHE DEFAULT)
  TABLESPACE "SYSTEM" ;
--------------------------------------------------------
--  DDL for Index SYS_C007427
--------------------------------------------------------

  CREATE UNIQUE INDEX "COFFEEDAO"."SYS_C007427" ON "COFFEEDAO"."BOARD" ("BO_IDX") 
  PCTFREE 10 INITRANS 2 MAXTRANS 255 COMPUTE STATISTICS 
  STORAGE(INITIAL 65536 NEXT 1048576 MINEXTENTS 1 MAXEXTENTS 2147483645
  PCTINCREASE 0 FREELISTS 1 FREELIST GROUPS 1 BUFFER_POOL DEFAULT FLASH_CACHE DEFAULT CELL_FLASH_CACHE DEFAULT)
  TABLESPACE "SYSTEM" ;
--------------------------------------------------------
--  DDL for Index SYS_C007460
--------------------------------------------------------

  CREATE UNIQUE INDEX "COFFEEDAO"."SYS_C007460" ON "COFFEEDAO"."CART" ("CART_IDX") 
  PCTFREE 10 INITRANS 2 MAXTRANS 255 COMPUTE STATISTICS 
  STORAGE(INITIAL 65536 NEXT 1048576 MINEXTENTS 1 MAXEXTENTS 2147483645
  PCTINCREASE 0 FREELISTS 1 FREELIST GROUPS 1 BUFFER_POOL DEFAULT FLASH_CACHE DEFAULT CELL_FLASH_CACHE DEFAULT)
  TABLESPACE "SYSTEM" ;
--------------------------------------------------------
--  DDL for Index SYS_C007534
--------------------------------------------------------

  CREATE UNIQUE INDEX "COFFEEDAO"."SYS_C007534" ON "COFFEEDAO"."COMMENTS" ("COM_IDX") 
  PCTFREE 10 INITRANS 2 MAXTRANS 255 COMPUTE STATISTICS 
  STORAGE(INITIAL 65536 NEXT 1048576 MINEXTENTS 1 MAXEXTENTS 2147483645
  PCTINCREASE 0 FREELISTS 1 FREELIST GROUPS 1 BUFFER_POOL DEFAULT FLASH_CACHE DEFAULT CELL_FLASH_CACHE DEFAULT)
  TABLESPACE "SYSTEM" ;
--------------------------------------------------------
--  DDL for Index SYS_C007729
--------------------------------------------------------

  CREATE UNIQUE INDEX "COFFEEDAO"."SYS_C007729" ON "COFFEEDAO"."ITEM" ("ITEM_ID") 
  PCTFREE 10 INITRANS 2 MAXTRANS 255 COMPUTE STATISTICS 
  STORAGE(INITIAL 65536 NEXT 1048576 MINEXTENTS 1 MAXEXTENTS 2147483645
  PCTINCREASE 0 FREELISTS 1 FREELIST GROUPS 1 BUFFER_POOL DEFAULT FLASH_CACHE DEFAULT CELL_FLASH_CACHE DEFAULT)
  TABLESPACE "SYSTEM" ;
--------------------------------------------------------
--  DDL for Index SYS_C007464
--------------------------------------------------------

  CREATE UNIQUE INDEX "COFFEEDAO"."SYS_C007464" ON "COFFEEDAO"."LIKES" ("UP_IDX") 
  PCTFREE 10 INITRANS 2 MAXTRANS 255 COMPUTE STATISTICS 
  STORAGE(INITIAL 65536 NEXT 1048576 MINEXTENTS 1 MAXEXTENTS 2147483645
  PCTINCREASE 0 FREELISTS 1 FREELIST GROUPS 1 BUFFER_POOL DEFAULT FLASH_CACHE DEFAULT CELL_FLASH_CACHE DEFAULT)
  TABLESPACE "SYSTEM" ;
--------------------------------------------------------
--  DDL for Index SYS_C007515
--------------------------------------------------------

  CREATE UNIQUE INDEX "COFFEEDAO"."SYS_C007515" ON "COFFEEDAO"."ORDERS" ("ORDER_IDX") 
  PCTFREE 10 INITRANS 2 MAXTRANS 255 COMPUTE STATISTICS 
  STORAGE(INITIAL 65536 NEXT 1048576 MINEXTENTS 1 MAXEXTENTS 2147483645
  PCTINCREASE 0 FREELISTS 1 FREELIST GROUPS 1 BUFFER_POOL DEFAULT FLASH_CACHE DEFAULT CELL_FLASH_CACHE DEFAULT)
  TABLESPACE "SYSTEM" ;
--------------------------------------------------------
--  DDL for Index SYS_C007492
--------------------------------------------------------

  CREATE UNIQUE INDEX "COFFEEDAO"."SYS_C007492" ON "COFFEEDAO"."PAYMENT" ("PAY_IDX") 
  PCTFREE 10 INITRANS 2 MAXTRANS 255 COMPUTE STATISTICS 
  STORAGE(INITIAL 65536 NEXT 1048576 MINEXTENTS 1 MAXEXTENTS 2147483645
  PCTINCREASE 0 FREELISTS 1 FREELIST GROUPS 1 BUFFER_POOL DEFAULT FLASH_CACHE DEFAULT CELL_FLASH_CACHE DEFAULT)
  TABLESPACE "SYSTEM" ;
--------------------------------------------------------
--  DDL for Index SYS_C007527
--------------------------------------------------------

  CREATE UNIQUE INDEX "COFFEEDAO"."SYS_C007527" ON "COFFEEDAO"."QUESTION_ASK" ("QA_IDX") 
  PCTFREE 10 INITRANS 2 MAXTRANS 255 COMPUTE STATISTICS 
  STORAGE(INITIAL 65536 NEXT 1048576 MINEXTENTS 1 MAXEXTENTS 2147483645
  PCTINCREASE 0 FREELISTS 1 FREELIST GROUPS 1 BUFFER_POOL DEFAULT FLASH_CACHE DEFAULT CELL_FLASH_CACHE DEFAULT)
  TABLESPACE "SYSTEM" ;
--------------------------------------------------------
--  DDL for Index SYS_C007477
--------------------------------------------------------

  CREATE UNIQUE INDEX "COFFEEDAO"."SYS_C007477" ON "COFFEEDAO"."REVIEW" ("RE_IDX") 
  PCTFREE 10 INITRANS 2 MAXTRANS 255 COMPUTE STATISTICS 
  STORAGE(INITIAL 65536 NEXT 1048576 MINEXTENTS 1 MAXEXTENTS 2147483645
  PCTINCREASE 0 FREELISTS 1 FREELIST GROUPS 1 BUFFER_POOL DEFAULT FLASH_CACHE DEFAULT CELL_FLASH_CACHE DEFAULT)
  TABLESPACE "SYSTEM" ;
--------------------------------------------------------
--  DDL for Index SYS_C007579
--------------------------------------------------------

  CREATE UNIQUE INDEX "COFFEEDAO"."SYS_C007579" ON "COFFEEDAO"."SELLER" ("SELL_ID") 
  PCTFREE 10 INITRANS 2 MAXTRANS 255 COMPUTE STATISTICS 
  STORAGE(INITIAL 65536 NEXT 1048576 MINEXTENTS 1 MAXEXTENTS 2147483645
  PCTINCREASE 0 FREELISTS 1 FREELIST GROUPS 1 BUFFER_POOL DEFAULT FLASH_CACHE DEFAULT CELL_FLASH_CACHE DEFAULT)
  TABLESPACE "SYSTEM" ;
--------------------------------------------------------
--  Constraints for Table BALANCE
--------------------------------------------------------

  ALTER TABLE "COFFEEDAO"."BALANCE" ADD PRIMARY KEY ("BAL_IDX")
  USING INDEX PCTFREE 10 INITRANS 2 MAXTRANS 255 COMPUTE STATISTICS 
  STORAGE(INITIAL 65536 NEXT 1048576 MINEXTENTS 1 MAXEXTENTS 2147483645
  PCTINCREASE 0 FREELISTS 1 FREELIST GROUPS 1 BUFFER_POOL DEFAULT FLASH_CACHE DEFAULT CELL_FLASH_CACHE DEFAULT)
  TABLESPACE "SYSTEM"  ENABLE;
  ALTER TABLE "COFFEEDAO"."BALANCE" MODIFY ("BAL_CHECK" NOT NULL ENABLE);
  ALTER TABLE "COFFEEDAO"."BALANCE" MODIFY ("BAL_CHARGE" NOT NULL ENABLE);
  ALTER TABLE "COFFEEDAO"."BALANCE" MODIFY ("BAL_EXP" NOT NULL ENABLE);
  ALTER TABLE "COFFEEDAO"."BALANCE" MODIFY ("BAL_TOT" NOT NULL ENABLE);
  ALTER TABLE "COFFEEDAO"."BALANCE" MODIFY ("BAL_CTOT" NOT NULL ENABLE);
  ALTER TABLE "COFFEEDAO"."BALANCE" MODIFY ("BAL_OTOT" NOT NULL ENABLE);
  ALTER TABLE "COFFEEDAO"."BALANCE" MODIFY ("BAL_CART" NOT NULL ENABLE);
  ALTER TABLE "COFFEEDAO"."BALANCE" MODIFY ("BAL_ORDER" NOT NULL ENABLE);
--------------------------------------------------------
--  Constraints for Table BOARD
--------------------------------------------------------

  ALTER TABLE "COFFEEDAO"."BOARD" ADD PRIMARY KEY ("BO_IDX")
  USING INDEX PCTFREE 10 INITRANS 2 MAXTRANS 255 COMPUTE STATISTICS 
  STORAGE(INITIAL 65536 NEXT 1048576 MINEXTENTS 1 MAXEXTENTS 2147483645
  PCTINCREASE 0 FREELISTS 1 FREELIST GROUPS 1 BUFFER_POOL DEFAULT FLASH_CACHE DEFAULT CELL_FLASH_CACHE DEFAULT)
  TABLESPACE "SYSTEM"  ENABLE;
--------------------------------------------------------
--  Constraints for Table CART
--------------------------------------------------------

  ALTER TABLE "COFFEEDAO"."CART" ADD PRIMARY KEY ("CART_IDX")
  USING INDEX PCTFREE 10 INITRANS 2 MAXTRANS 255 COMPUTE STATISTICS 
  STORAGE(INITIAL 65536 NEXT 1048576 MINEXTENTS 1 MAXEXTENTS 2147483645
  PCTINCREASE 0 FREELISTS 1 FREELIST GROUPS 1 BUFFER_POOL DEFAULT FLASH_CACHE DEFAULT CELL_FLASH_CACHE DEFAULT)
  TABLESPACE "SYSTEM"  ENABLE;
--------------------------------------------------------
--  Constraints for Table CHARGE
--------------------------------------------------------

  ALTER TABLE "COFFEEDAO"."CHARGE" MODIFY ("CH_NAME" NOT NULL ENABLE);
--------------------------------------------------------
--  Constraints for Table COMMENTS
--------------------------------------------------------

  ALTER TABLE "COFFEEDAO"."COMMENTS" ADD PRIMARY KEY ("COM_IDX")
  USING INDEX PCTFREE 10 INITRANS 2 MAXTRANS 255 COMPUTE STATISTICS 
  STORAGE(INITIAL 65536 NEXT 1048576 MINEXTENTS 1 MAXEXTENTS 2147483645
  PCTINCREASE 0 FREELISTS 1 FREELIST GROUPS 1 BUFFER_POOL DEFAULT FLASH_CACHE DEFAULT CELL_FLASH_CACHE DEFAULT)
  TABLESPACE "SYSTEM"  ENABLE;
  ALTER TABLE "COFFEEDAO"."COMMENTS" MODIFY ("COM_LEVEL" NOT NULL ENABLE);
  ALTER TABLE "COFFEEDAO"."COMMENTS" MODIFY ("COM_STEP" NOT NULL ENABLE);
  ALTER TABLE "COFFEEDAO"."COMMENTS" MODIFY ("COM_REF" NOT NULL ENABLE);
  ALTER TABLE "COFFEEDAO"."COMMENTS" MODIFY ("COM_CONT" NOT NULL ENABLE);
  ALTER TABLE "COFFEEDAO"."COMMENTS" MODIFY ("COM_WRITER" NOT NULL ENABLE);
  ALTER TABLE "COFFEEDAO"."COMMENTS" MODIFY ("COM_ARTNO" NOT NULL ENABLE);
--------------------------------------------------------
--  Constraints for Table FOLDER
--------------------------------------------------------

  ALTER TABLE "COFFEEDAO"."FOLDER" MODIFY ("FILE_SIZE" NOT NULL ENABLE);
  ALTER TABLE "COFFEEDAO"."FOLDER" MODIFY ("FILE_STD" NOT NULL ENABLE);
  ALTER TABLE "COFFEEDAO"."FOLDER" MODIFY ("FILE_ORG" NOT NULL ENABLE);
--------------------------------------------------------
--  Constraints for Table ITEM
--------------------------------------------------------

  ALTER TABLE "COFFEEDAO"."ITEM" ADD PRIMARY KEY ("ITEM_ID")
  USING INDEX PCTFREE 10 INITRANS 2 MAXTRANS 255 COMPUTE STATISTICS 
  STORAGE(INITIAL 65536 NEXT 1048576 MINEXTENTS 1 MAXEXTENTS 2147483645
  PCTINCREASE 0 FREELISTS 1 FREELIST GROUPS 1 BUFFER_POOL DEFAULT FLASH_CACHE DEFAULT CELL_FLASH_CACHE DEFAULT)
  TABLESPACE "SYSTEM"  ENABLE;
  ALTER TABLE "COFFEEDAO"."ITEM" MODIFY ("ITEM_TYPE" NOT NULL ENABLE);
  ALTER TABLE "COFFEEDAO"."ITEM" MODIFY ("ITEM_TASTE" NOT NULL ENABLE);
  ALTER TABLE "COFFEEDAO"."ITEM" MODIFY ("ITEM_CAF" NOT NULL ENABLE);
  ALTER TABLE "COFFEEDAO"."ITEM" MODIFY ("ITEM_LOC" NOT NULL ENABLE);
  ALTER TABLE "COFFEEDAO"."ITEM" MODIFY ("ITEM_COMP" NOT NULL ENABLE);
  ALTER TABLE "COFFEEDAO"."ITEM" MODIFY ("ITEM_SUB" NOT NULL ENABLE);
  ALTER TABLE "COFFEEDAO"."ITEM" MODIFY ("SELL_ID" NOT NULL ENABLE);
  ALTER TABLE "COFFEEDAO"."ITEM" MODIFY ("ITEM_NAME" NOT NULL ENABLE);
--------------------------------------------------------
--  Constraints for Table LIKES
--------------------------------------------------------

  ALTER TABLE "COFFEEDAO"."LIKES" ADD PRIMARY KEY ("UP_IDX")
  USING INDEX PCTFREE 10 INITRANS 2 MAXTRANS 255 COMPUTE STATISTICS 
  STORAGE(INITIAL 65536 NEXT 1048576 MINEXTENTS 1 MAXEXTENTS 2147483645
  PCTINCREASE 0 FREELISTS 1 FREELIST GROUPS 1 BUFFER_POOL DEFAULT FLASH_CACHE DEFAULT CELL_FLASH_CACHE DEFAULT)
  TABLESPACE "SYSTEM"  ENABLE;
  ALTER TABLE "COFFEEDAO"."LIKES" MODIFY ("UP_COUNT" NOT NULL ENABLE);
  ALTER TABLE "COFFEEDAO"."LIKES" MODIFY ("UP_ID" NOT NULL ENABLE);
--------------------------------------------------------
--  Constraints for Table MEMBER
--------------------------------------------------------

  ALTER TABLE "COFFEEDAO"."MEMBER" MODIFY ("MEM_RDATE" NOT NULL ENABLE);
  ALTER TABLE "COFFEEDAO"."MEMBER" MODIFY ("MEM_DEL" NOT NULL ENABLE);
  ALTER TABLE "COFFEEDAO"."MEMBER" MODIFY ("MEM_PHONE" NOT NULL ENABLE);
  ALTER TABLE "COFFEEDAO"."MEMBER" MODIFY ("MEM_ZP" NOT NULL ENABLE);
  ALTER TABLE "COFFEEDAO"."MEMBER" MODIFY ("MEM_ADDR1" NOT NULL ENABLE);
  ALTER TABLE "COFFEEDAO"."MEMBER" MODIFY ("MEM_EMAIL" NOT NULL ENABLE);
  ALTER TABLE "COFFEEDAO"."MEMBER" MODIFY ("MEM_NAME" NOT NULL ENABLE);
  ALTER TABLE "COFFEEDAO"."MEMBER" MODIFY ("MEM_PWD" NOT NULL ENABLE);
--------------------------------------------------------
--  Constraints for Table ORDERS
--------------------------------------------------------

  ALTER TABLE "COFFEEDAO"."ORDERS" ADD PRIMARY KEY ("ORDER_IDX")
  USING INDEX PCTFREE 10 INITRANS 2 MAXTRANS 255 COMPUTE STATISTICS 
  STORAGE(INITIAL 65536 NEXT 1048576 MINEXTENTS 1 MAXEXTENTS 2147483645
  PCTINCREASE 0 FREELISTS 1 FREELIST GROUPS 1 BUFFER_POOL DEFAULT FLASH_CACHE DEFAULT CELL_FLASH_CACHE DEFAULT)
  TABLESPACE "SYSTEM"  ENABLE;
--------------------------------------------------------
--  Constraints for Table PAYMENT
--------------------------------------------------------

  ALTER TABLE "COFFEEDAO"."PAYMENT" ADD PRIMARY KEY ("PAY_IDX")
  USING INDEX PCTFREE 10 INITRANS 2 MAXTRANS 255 COMPUTE STATISTICS 
  STORAGE(INITIAL 65536 NEXT 1048576 MINEXTENTS 1 MAXEXTENTS 2147483645
  PCTINCREASE 0 FREELISTS 1 FREELIST GROUPS 1 BUFFER_POOL DEFAULT FLASH_CACHE DEFAULT CELL_FLASH_CACHE DEFAULT)
  TABLESPACE "SYSTEM"  ENABLE;
--------------------------------------------------------
--  Constraints for Table QUESTION_ASK
--------------------------------------------------------

  ALTER TABLE "COFFEEDAO"."QUESTION_ASK" ADD PRIMARY KEY ("QA_IDX")
  USING INDEX PCTFREE 10 INITRANS 2 MAXTRANS 255 COMPUTE STATISTICS 
  STORAGE(INITIAL 65536 NEXT 1048576 MINEXTENTS 1 MAXEXTENTS 2147483645
  PCTINCREASE 0 FREELISTS 1 FREELIST GROUPS 1 BUFFER_POOL DEFAULT FLASH_CACHE DEFAULT CELL_FLASH_CACHE DEFAULT)
  TABLESPACE "SYSTEM"  ENABLE;
--------------------------------------------------------
--  Constraints for Table QUESTION_REPLY
--------------------------------------------------------

  ALTER TABLE "COFFEEDAO"."QUESTION_REPLY" MODIFY ("QR_LEVEL" NOT NULL ENABLE);
  ALTER TABLE "COFFEEDAO"."QUESTION_REPLY" MODIFY ("QR_STEP" NOT NULL ENABLE);
  ALTER TABLE "COFFEEDAO"."QUESTION_REPLY" MODIFY ("QR_REF" NOT NULL ENABLE);
  ALTER TABLE "COFFEEDAO"."QUESTION_REPLY" MODIFY ("QR_DATE" NOT NULL ENABLE);
  ALTER TABLE "COFFEEDAO"."QUESTION_REPLY" MODIFY ("QR_ARTNO" NOT NULL ENABLE);
--------------------------------------------------------
--  Constraints for Table REVIEW
--------------------------------------------------------

  ALTER TABLE "COFFEEDAO"."REVIEW" ADD PRIMARY KEY ("RE_IDX")
  USING INDEX PCTFREE 10 INITRANS 2 MAXTRANS 255 COMPUTE STATISTICS 
  STORAGE(INITIAL 65536 NEXT 1048576 MINEXTENTS 1 MAXEXTENTS 2147483645
  PCTINCREASE 0 FREELISTS 1 FREELIST GROUPS 1 BUFFER_POOL DEFAULT FLASH_CACHE DEFAULT CELL_FLASH_CACHE DEFAULT)
  TABLESPACE "SYSTEM"  ENABLE;
--------------------------------------------------------
--  Constraints for Table SELLER
--------------------------------------------------------

  ALTER TABLE "COFFEEDAO"."SELLER" ADD PRIMARY KEY ("SELL_ID")
  USING INDEX PCTFREE 10 INITRANS 2 MAXTRANS 255 COMPUTE STATISTICS 
  STORAGE(INITIAL 65536 NEXT 1048576 MINEXTENTS 1 MAXEXTENTS 2147483645
  PCTINCREASE 0 FREELISTS 1 FREELIST GROUPS 1 BUFFER_POOL DEFAULT FLASH_CACHE DEFAULT CELL_FLASH_CACHE DEFAULT)
  TABLESPACE "SYSTEM"  ENABLE;
  ALTER TABLE "COFFEEDAO"."SELLER" MODIFY ("SELL_RDATE" NOT NULL ENABLE);
  ALTER TABLE "COFFEEDAO"."SELLER" MODIFY ("SELL_CONT" NOT NULL ENABLE);
  ALTER TABLE "COFFEEDAO"."SELLER" MODIFY ("SELL_IMAGE" NOT NULL ENABLE);
  ALTER TABLE "COFFEEDAO"."SELLER" MODIFY ("SELL_EMAIL" NOT NULL ENABLE);
  ALTER TABLE "COFFEEDAO"."SELLER" MODIFY ("SELL_ZP" NOT NULL ENABLE);
  ALTER TABLE "COFFEEDAO"."SELLER" MODIFY ("SELL_ADDR2" NOT NULL ENABLE);
  ALTER TABLE "COFFEEDAO"."SELLER" MODIFY ("SELL_ADDR1" NOT NULL ENABLE);
  ALTER TABLE "COFFEEDAO"."SELLER" MODIFY ("SELL_PHONE" NOT NULL ENABLE);
  ALTER TABLE "COFFEEDAO"."SELLER" MODIFY ("SELL_NAME" NOT NULL ENABLE);
  ALTER TABLE "COFFEEDAO"."SELLER" MODIFY ("SELL_NUM" NOT NULL ENABLE);
  ALTER TABLE "COFFEEDAO"."SELLER" MODIFY ("SELL_PWD" NOT NULL ENABLE);
  ALTER TABLE "COFFEEDAO"."SELLER" MODIFY ("SELL_ID" NOT NULL ENABLE);
--------------------------------------------------------
--  Ref Constraints for Table FOLDER
--------------------------------------------------------

  ALTER TABLE "COFFEEDAO"."FOLDER" ADD CONSTRAINT "FK_ITEM_ID" FOREIGN KEY ("ITEM_ID")
	  REFERENCES "COFFEEDAO"."ITEM" ("ITEM_ID") ENABLE;
--------------------------------------------------------
--  Ref Constraints for Table ITEM
--------------------------------------------------------

  ALTER TABLE "COFFEEDAO"."ITEM" ADD CONSTRAINT "FK_SELL_ID" FOREIGN KEY ("SELL_ID")
	  REFERENCES "COFFEEDAO"."SELLER" ("SELL_ID") ENABLE;
